province,province_raw,candidate_name,vote_count,rank
Aceh,ACEH,"H. SUDIRMAN HAJI UMA, S. Sos.",1060991,1
Aceh,ACEH,Tgk. AHMADA,207464,2
Aceh,ACEH,DARWATI A. GANI,184528,3
Aceh,ACEH,"AZHARI CAGE, S.IP",150934,4
Aceh,ACEH,"H. M. FADHIL RAHMI, Lc., M.Ag.",137754,5
Aceh,ACEH,"H. AKHYAR KAMIL, S.H.",136002,6
Aceh,ACEH,ABDUL HADI BANG JONI,119669,7
Aceh,ACEH,"RAHMAD MAULIZAR, S.AN",103426,8
Aceh,ACEH,SOFYAN ARDI,90945,9
Aceh,ACEH,"H. SAYED MUHAMMAD MULIADY, S.H.",86434,10
Aceh,ACEH,"MIZAR LIYANDA, S.TP., M.P.",67166,11
Aceh,ACEH,RAHMAT RAZI AULIA (MC RAZI),66526,12
Aceh,ACEH,"Dr. H. A. MUFAKHIR MUHAMMAD, M.A.",60563,13
Aceh,ACEH,"dr. IRSALINA HUSNA AZWIR, S.H., Sp.DV., CPM",54805,14
Aceh,ACEH,NAZAR APACHE,52020,15
Aceh,ACEH,"Drs. SAHIDAL KASTRI, M.Pd.",45619,16
Aceh,ACEH,"DEDY MULYADI SELIAN, S.T.",43603,17
Aceh,ACEH,"DEDI SUMARDI NURDIN, A.Md.Kep., S.K.M., M.M.",40667,18
Aceh,ACEH,"Dr. MULIA RAHMAN, S.Pd.I., M.A.",36810,19
Aceh,ACEH,"SAFIR (FIRSA AGAM), S.H.",27685,20
Aceh,ACEH,"M. FAKHRUDDIN, S.T.",23567,21
Aceh,ACEH,H. FIRMANDEZ,22497,22
Aceh,ACEH,"NAZIR ADAM, S.E., M.M.",22477,23
Aceh,ACEH,"Ir. RAZALI AR, M.Si.",21096,24
Aceh,ACEH,"M. ZULMI, S.E.",19998,25
Aceh,ACEH,"M. ADAM, S.Pd.SD.",16433,26
Aceh,ACEH,"M. AMIN SAID, S.H., M.Hum.",15834,27
Aceh,ACEH,"Dr. H. MOHD. ILYAS, S.E., M.M.",15560,28
Aceh,ACEH,"Dr. RAIHANAH, M.Si.",11873,29
Aceh,ACEH,"ZULFIKAR, S.E.",0,30
Sumatera Utara,SUMATERA UTARA,"Ust. Dr. H. DEDI ISKANDAR BATUBARA, S.Sos., S.H., M.S.P., M.H., C.I.R.B.C., C.W.C.",1081487,1
Sumatera Utara,SUMATERA UTARA,"Pdt. PENRAD SIAGIAN, S.Th., M.Si., Teol.",642165,2
Sumatera Utara,SUMATERA UTARA,"K.H. MUHAMMAD NUH, M.S.P.",618241,3
Sumatera Utara,SUMATERA UTARA,"Dr. BADIKENITA BR SITEPU, S.E., S.H., M.Si.",553752,4
Sumatera Utara,SUMATERA UTARA,"H. FAISAL AMRI, S.Ag., M.Ag.",546936,5
Sumatera Utara,SUMATERA UTARA,"Dr. PARLINDUNGAN PURBA, S.H., M.M.",532646,6
Sumatera Utara,SUMATERA UTARA,"BAHRUL 'ULUM HARAHAP, S.Fil.I., M.Pd.",400451,7
Sumatera Utara,SUMATERA UTARA,"SABAM PARULIAN PARSAORAN MANALU, S.E., M.A.P.",278853,8
Sumatera Utara,SUMATERA UTARA,"Ust. RAFDINAL, S.Sos., M.A.P.",259510,9
Sumatera Utara,SUMATERA UTARA,"DARWIS H. HARAHAP, S.P.",244907,10
Sumatera Utara,SUMATERA UTARA,"H. ALBINER SITOMPUL, S.I.P., M.A.P.",232949,11
Sumatera Utara,SUMATERA UTARA,Ir. ABDON NABABAN,208979,12
Sumatera Utara,SUMATERA UTARA,"PARULIAN SIREGAR, M.A.",165389,13
Sumatera Utara,SUMATERA UTARA,"ANDI JUNIANTO BARUS, S.H., M.H.",162322,14
Sumatera Utara,SUMATERA UTARA,"M. FIRMAN SHAH, S.H.",151549,15
Sumatera Utara,SUMATERA UTARA,"SAMULYA SURYA INDRA, S.P.",139798,16
Sumatera Utara,SUMATERA UTARA,"JOKO SUSILO, A.Md.",137145,17
Sumatera Utara,SUMATERA UTARA,"EMSAH PERANGIN ANGIN, S.P.",134891,18
Sumatera Utara,SUMATERA UTARA,"Dr. IKHWALUDDIN SIMATUPANG, S.H., M.Hum.",132205,19
Sumatera Utara,SUMATERA UTARA,ISKANDAR SEMBIRING,63654,20
Sumatera Utara,SUMATERA UTARA,SUKADI,48704,21
Sumatera Barat,SUMATERA BARAT,"CERINT IRALLOZA TASYA, S.Ked.",489942,1
Sumatera Barat,SUMATERA BARAT,Hj. EMMA YOHANNA,377605,2
Sumatera Barat,SUMATERA BARAT,"H. JELITA DONAL, Lc.",308986,3
Sumatera Barat,SUMATERA BARAT,"H. MUSLIM M YATIM, Lc.,M.M.",275203,4
Sumatera Barat,SUMATERA BARAT,"H. ABDUL AZIZ, SP., M.M.",246620,5
Sumatera Barat,SUMATERA BARAT,"NURKHALIS, S.H.",224195,6
Sumatera Barat,SUMATERA BARAT,"H. LEONARDY HARMAINY, DT. BANDARO BASA, S.IP.,M.H.",166525,7
Sumatera Barat,SUMATERA BARAT,"Hj. YURI HADIAH, S.H.",147454,8
Sumatera Barat,SUMATERA BARAT,DESRIO PUTRA,144474,9
Sumatera Barat,SUMATERA BARAT,"DIRRI UZHZHULAM, (ELOK).",133362,10
Sumatera Barat,SUMATERA BARAT,"Ir. H. HENDRA IRWAN RAHIM, M.M.",131685,11
Sumatera Barat,SUMATERA BARAT,"Drs. JHONI AFRIZAL, DT.HITAM.",78013,12
Sumatera Barat,SUMATERA BARAT,"MEVRIZAL, S.H., M.H.",64240,13
Sumatera Barat,SUMATERA BARAT,"YONG HENDRI, S.H, DT. Paduko Reno.",55446,14
Sumatera Barat,SUMATERA BARAT,YONDER WF ALVARENT,21643,15
Riau,RIAU,"ARIF EKA SAPUTRA, S.Pi.",271518,1
Riau,RIAU,"K.H. MUHAMMAD MURSYID, M.Pd.I.",262889,2
Riau,RIAU,"SEWITRI, S.E.",219168,3
Riau,RIAU,"H. ABDUL HAMID, S.Pi., M.Si.",189171,4
Riau,RIAU,"H. EDWIN PRATAMA PUTRA, S.H.",185403,5
Riau,RIAU,"HOPEA INGVIRNIA ERWIN, S.H., M.H.",171632,6
Riau,RIAU,"Dr. drh. H. CHAIDIR, M.M.",171527,7
Riau,RIAU,"Dr. Hj. MISHARTI, S.Ag., M.Si.",168814,8
Riau,RIAU,"ALPASIRIN, S.I.P., M.I.P.",162972,9
Riau,RIAU,"dr. BIRAN AFFANDI YUSRIONO, M.H.",151095,10
Riau,RIAU,"JUPRIZAL, S.Th.I., S.H., M.H.",143736,11
Riau,RIAU,"Hj. MIMI LUTMILA, S.Si.",128497,12
Riau,RIAU,"BENSON SINAGA, S.E.",86680,13
Riau,RIAU,"LAMPITA PAKPAHAN, S.H.",83393,14
Riau,RIAU,"ROMWEL SITOMPUL, S.H.",76422,15
Riau,RIAU,"Dr. H. M RIZAL AKBAR, S.Si., M.Phil.",73050,16
Riau,RIAU,KHARISMAN RISANDA,69716,17
Riau,RIAU,"ELFENNI ERDIANTA BR. BANGUN, S.H.,M.H.",64695,18
Riau,RIAU,"PATAR SITANGGANG, S.H.,M.H.",62706,19
Riau,RIAU,"H. PEBRIALIN RAZAK, S.E.,M.Si.",57694,20
Riau,RIAU,"RIDO RIKARDO, S.H., M.H.",52389,21
Riau,RIAU,"H. T. RUSLI AHMAD, S.E., M.M.",50530,22
Riau,RIAU,EDDY BUDIANTO,50055,23
Riau,RIAU,Ir. ICHWANUL IHSAN,42979,24
Riau,RIAU,"Drs. H. MARTIUS BUSTI, M.M., M.H.",42592,25
Riau,RIAU,"YOSRIZAL, S.T., M.Si.",41473,26
Riau,RIAU,"Dr. RIZALDI PUTRA, MBA.",38867,27
Riau,RIAU,"H. MARJONI HENDRI, S.P.,M.Tr.I.P.",37579,28
Riau,RIAU,"H. HERMAN MASKAR, S.Pd., M.Si.",35824,29
Kepulauan Riau,KEPULAUAN RIAU,H. DHARMA SETIAWAN,172868,1
Kepulauan Riau,KEPULAUAN RIAU,RIA SAPTARIKA,162400,2
Kepulauan Riau,KEPULAUAN RIAU,Drs. ISMETH ABDULLAH,132563,3
Kepulauan Riau,KEPULAUAN RIAU,"DWI AJENG SEKAR RESPATY, S.H., M.Kn.",111920,4
Kepulauan Riau,KEPULAUAN RIAU,HARIPINTO TANUWIDJAJA,92131,5
Kepulauan Riau,KEPULAUAN RIAU,SIRAJUDIN NUR,81432,6
Kepulauan Riau,KEPULAUAN RIAU,"Dr. RICHARD HAMONANGAN PASARIBU, B.Sc., M.Sc.",78608,7
Kepulauan Riau,KEPULAUAN RIAU,"Drs. H. HARDI SELAMAT HOOD, M.Si., Ph.D.",53782,8
Kepulauan Riau,KEPULAUAN RIAU,STEPHANE GERALD MARTOGI SIBURIAN,42203,9
Kepulauan Riau,KEPULAUAN RIAU,"GERRY YASID, S.H., M.H.",33981,10
Kepulauan Riau,KEPULAUAN RIAU,"DAVID FAREL SIBUEA, M.Th., D.Min.",29943,11
Kepulauan Riau,KEPULAUAN RIAU,Ir. HOTMAN HUTAPEA,20311,12
Kepulauan Riau,KEPULAUAN RIAU,"JUANDA, S.Mn., M.M.",18709,13
Kepulauan Riau,KEPULAUAN RIAU,"SUNARTO PONIMAN, S.H.",6038,14
Jambi,JAMBI,"Dra. Hj. ELVIANA, M.Si.",291334,1
Jambi,JAMBI,IVANDA AWALINA FIRDAUSI SUKANDAR,272892,2
Jambi,JAMBI,"H. M. SYUKUR, S.H., M.H.",237540,3
Jambi,JAMBI,"M. SUM INDRA, S.E., M.M.S.I.",166140,4
Jambi,JAMBI,H. ABU BAKAR JAMALIA,140945,5
Jambi,JAMBI,"RIA MAYANG SARI, S.H., M.H.",108484,6
Jambi,JAMBI,PETRUS HILMAN DAPOT TUAH PURBA,90197,7
Jambi,JAMBI,"H. LUKMAN, S.Pd., M.Pd.",81131,8
Jambi,JAMBI,"EDI ENDRA, S.P.",81128,9
Jambi,JAMBI,"DARMAWAN, S.E.",66469,10
Jambi,JAMBI,"H. ERWAN, S.E., M.Si.",63491,11
Jambi,JAMBI,"HERI KUSNADI, M.Kom.",54006,12
Jambi,JAMBI,"RUDI ARDIANSYAH, S.H.",49016,13
Jambi,JAMBI,"H. MUHAMMAD NUH, S.Ag.",37147,14
Jambi,JAMBI,"HAMID, S.Sos.",35118,15
Jambi,JAMBI,"MUSMULYADI, S.H.I.",19769,16
Jambi,JAMBI,SABAT NASE INDALLAH JAIS,15216,17
Jambi,JAMBI,"WALINI, S.I.Kom.",11452,18
Sumatera Selatan,SUMATERA SELATAN,"RATU TENNY LERIVA, S.Ked.",833799,1
Sumatera Selatan,SUMATERA SELATAN,"JIALYKA MAHARANI, S.I.Kom.",549140,2
Sumatera Selatan,SUMATERA SELATAN,"AMALIAH, S.K.G., M.B.A.",528749,3
Sumatera Selatan,SUMATERA SELATAN,"Hj. EVA SUSANTI, S.E., M.M.",508540,4
Sumatera Selatan,SUMATERA SELATAN,"Hj. YETTI OKTARINA, S.E.",385752,5
Sumatera Selatan,SUMATERA SELATAN,ABDUL AZIZ,221579,6
Sumatera Selatan,SUMATERA SELATAN,"Hj. ARNIZA NILAWATI, S.E., M.M.",215934,7
Sumatera Selatan,SUMATERA SELATAN,H. IMAM MANSUR,206655,8
Sumatera Selatan,SUMATERA SELATAN,"H. SYOFWATILLAH MOHZAIB, S.Sos.I.",194831,9
Sumatera Selatan,SUMATERA SELATAN,"AGUNG WIJAYA, S.H., M.H.",177940,10
Sumatera Selatan,SUMATERA SELATAN,"dr. AZZAHRAZADE, M.K.M.",127800,11
Sumatera Selatan,SUMATERA SELATAN,ALDINA MERIAMDA PUTRI,91740,12
Sumatera Selatan,SUMATERA SELATAN,"EDWARD JAYA, S.H.",81211,13
Sumatera Selatan,SUMATERA SELATAN,"DR. H. MAT SYUROH, M.M., M.Si",76723,14
Sumatera Selatan,SUMATERA SELATAN,Hj. SEPTIANA CAROLIN,55387,15
Sumatera Selatan,SUMATERA SELATAN,"H. M. HAMDANI, A.M.Kep, S.K.M., M.Kes (Biomed)",51947,16
Sumatera Selatan,SUMATERA SELATAN,ROSMALA DEWI,51496,17
Sumatera Selatan,SUMATERA SELATAN,"MUHAMMAD AMINUDDIN, S.H.",47720,18
Sumatera Selatan,SUMATERA SELATAN,"H. NUR KHOLIS, S.H., M.A.",43834,19
Sumatera Selatan,SUMATERA SELATAN,"SRI HARTATY, S.H., M.H.",39416,20
Sumatera Selatan,SUMATERA SELATAN,M. REZA FARISYI,31722,21
Kepulauan Bangka Belitung,KEPULAUAN BANGKA BELITUNG,Ust. H. ZUHRI M. SYAZALI,116051,1
Kepulauan Bangka Belitung,KEPULAUAN BANGKA BELITUNG,"BAHAR BUASAN, S.T., M.Sc.",102065,2
Kepulauan Bangka Belitung,KEPULAUAN BANGKA BELITUNG,"DINDA REMBULAN, B.A.",86813,3
Kepulauan Bangka Belitung,KEPULAUAN BANGKA BELITUNG,Ir. H. DARMANSYAH HUSEIN,80188,4
Kepulauan Bangka Belitung,KEPULAUAN BANGKA BELITUNG,"HERRY ERFIAN, S.T.",67432,5
Kepulauan Bangka Belitung,KEPULAUAN BANGKA BELITUNG,ALEXANDER FRANSISCUS,50281,6
Kepulauan Bangka Belitung,KEPULAUAN BANGKA BELITUNG,"DARWIS, S.Ag.",40845,7
Kepulauan Bangka Belitung,KEPULAUAN BANGKA BELITUNG,"Dr. JUSTIAR NOER, M.Si.",39016,8
Kepulauan Bangka Belitung,KEPULAUAN BANGKA BELITUNG,H. YUS DERAHMAN,36850,9
Kepulauan Bangka Belitung,KEPULAUAN BANGKA BELITUNG,"Dr. H. BAMBANG DWI HARTONO, M.Si.",27207,10
Kepulauan Bangka Belitung,KEPULAUAN BANGKA BELITUNG,"H. EKA MULYA PUTRA, S.E., M.Si.",26800,11
Kepulauan Bangka Belitung,KEPULAUAN BANGKA BELITUNG,"DEDY YULIANTO, S.E.",24228,12
Kepulauan Bangka Belitung,KEPULAUAN BANGKA BELITUNG,Ust. H. RUSDIYANTO,19743,13
Kepulauan Bangka Belitung,KEPULAUAN BANGKA BELITUNG,"Dr. JUNAIDI ABDILLAH, S.H., M.H.",11181,14
Kepulauan Bangka Belitung,KEPULAUAN BANGKA BELITUNG,"FADJAR FAIRY RUSNI, S.H.",4740,15
Bengkulu,BENGKULU,"ELISA ERMASARI, S.Mn.",325842,1
Bengkulu,BENGKULU,"apt. DESTITA KHAIRILISANI, S.Farm., M.S.M.",201888,2
Bengkulu,BENGKULU,SULTAN B. NAJAMUDIN,129495,3
Bengkulu,BENGKULU,"Hj. LENI HARYATI JOHN LATIEF, S.E., M.Si.",129045,4
Bengkulu,BENGKULU,"H. AHMAD KANEDI, S.H., M.H.",87032,5
Bengkulu,BENGKULU,"Dr. Ir. H. IMRON ROSYADI, M.M., M.Si.",73101,6
Bengkulu,BENGKULU,"H. ABDUL KHARIS MA'MUN, S.H.",61833,7
Bengkulu,BENGKULU,"Dr. H. RAHIMAN DANI, M.A.",59727,8
Bengkulu,BENGKULU,PATRICE RIO CAPELLA,26568,9
Bengkulu,BENGKULU,"DEF TRI HARDIANTO, S.I.P.",20661,10
Bengkulu,BENGKULU,ANDRIAN WAHYUDI,15921,11
Bengkulu,BENGKULU,EDI AGUSDIN,10083,12
Lampung,LAMPUNG,"dr. JIHAN NURLELA, M.M.",910318,1
Lampung,LAMPUNG,Drs. H. AHMAD BASTIAN SY,484996,2
Lampung,LAMPUNG,"KH. Ir. ABDUL HAKIM, M.M.",448702,3
Lampung,LAMPUNG,"Dr. H. BUSTAMI ZAINUDIN, S.Pd, M.H.",431702,4
Lampung,LAMPUNG,"ALMIRA NABILA FAUZI, B.Bus. Com.",404579,5
Lampung,LAMPUNG,"DEVI SISWANDANI, S.Pd",347205,6
Lampung,LAMPUNG,"H. BENNY UZER, S.H.",273013,7
Lampung,LAMPUNG,AGUNG IMAM PRASETYO,201731,8
Lampung,LAMPUNG,PETRUS TJANDRA,163799,9
Lampung,LAMPUNG,"DYAH SITI NURAINI, S.E., M.Ak.",139519,10
Lampung,LAMPUNG,"FARAH NURIZA AMELIA, S.H.",102720,11
Lampung,LAMPUNG,"H. KHAIDIR BUJUNG, S.Ag., M.M.",93593,12
Lampung,LAMPUNG,"H. SUPENO, S.H.I.",86609,13
Lampung,LAMPUNG,"DAVIT KURNIAWAN, S. Kom.",81275,14
Lampung,LAMPUNG,H. TULUS PURNOMO WIBOWO,80375,15
Lampung,LAMPUNG,"H. SM HERLAMBANG, S.H., M.H",70549,16
Lampung,LAMPUNG,HERI PROLETARI DWI KARTIKA.AZ,42161,17
DKI Jakarta,DKI JAKARTA,"FAHIRA IDRIS, S.E., M.H.",745841,1
DKI Jakarta,DKI JAKARTA,Hj. HAPPY DJAROT,656815,2
DKI Jakarta,DKI JAKARTA,"Prof. Dr. H. DAILAMI FIRDAUS, S.H., LL.M.",613721,3
DKI Jakarta,DKI JAKARTA,ACHMAD AZRAN,456247,4
DKI Jakarta,DKI JAKARTA,"Prof. Dr. Hj. SYLVIANA MURNI, S.H., M.Si.",436923,5
DKI Jakarta,DKI JAKARTA,"H. MADANI B. H. MADALI, S.Sos., M.Si.",315784,6
DKI Jakarta,DKI JAKARTA,"ALWIYAH AHMAD, S.H., M.H.",252341,7
DKI Jakarta,DKI JAKARTA,"St. RAMSES BUTAR BUTAR, S.H., M.Kn.",215685,8
DKI Jakarta,DKI JAKARTA,ILYAS,212814,9
DKI Jakarta,DKI JAKARTA,ARDI PUTRA BARAMULI,208656,10
DKI Jakarta,DKI JAKARTA,SYAIFUDDIN,195366,11
DKI Jakarta,DKI JAKARTA,"Dr. Hj. RENY HALIDA I. M., S.H., M.H.",190903,12
DKI Jakarta,DKI JAKARTA,"SYIFA AWALIA, S.Pd.I., S.E.Sy., M.M.",146596,13
DKI Jakarta,DKI JAKARTA,ENDANG WIDURI,123868,14
DKI Jakarta,DKI JAKARTA,"A. SYAMSUL ZAKARIA, S.H., M.H.",119015,15
DKI Jakarta,DKI JAKARTA,"DARMAN SAIDI SIAHAAN, S.H., M.H.",107409,16
DKI Jakarta,DKI JAKARTA,"CHRISTIANTO SURYOWIBOWO, S.E., M.E.",103175,17
DKI Jakarta,DKI JAKARTA,"Hj. SYAMSIDAR SIREGAR, S.I.P.",101180,18
DKI Jakarta,DKI JAKARTA,"H. MUSTOPA MURTADO, S.E.",92298,19
DKI Jakarta,DKI JAKARTA,"H. PARDI, S.H.",92275,20
DKI Jakarta,DKI JAKARTA,"Dr. (c). ZECKY ANDY ALATAS, S.H., M.H.",81678,21
DKI Jakarta,DKI JAKARTA,"H. SYARIEF HIDAYATULLOH, S.E.",52146,22
DKI Jakarta,DKI JAKARTA,Ir. TENGKU MUHAMMAD NURHAFIDZ,38336,23
DKI Jakarta,DKI JAKARTA,"Dr. dr. ULLA NUCHRAWATY, M.M.",28367,24
DKI Jakarta,DKI JAKARTA,"SLAMET ABADI, S.E, Ak., CA., CPA.",26510,25
Jawa Barat,JAWA BARAT,ALFIANSYAH KOMENG,5399699,1
Jawa Barat,JAWA BARAT,"AANYA RINA CASMAYANTI, S.E.",1976561,2
Jawa Barat,JAWA BARAT,JIHAN FAHIRA,1823907,3
Jawa Barat,JAWA BARAT,"AGITA NURFIANTI, S.Psi.",1168837,4
Jawa Barat,JAWA BARAT,"H. ACENG HM FIKRI, S.Ag.",1128912,5
Jawa Barat,JAWA BARAT,"K.H. AMANG SYAFRUDIN, M.M.",1108516,6
Jawa Barat,JAWA BARAT,ANNIDA ALLIVIA,899370,7
Jawa Barat,JAWA BARAT,"AA ADE KADARISMAN, S.Sos., M.T.",892699,8
Jawa Barat,JAWA BARAT,"Dr. AEP SAEPUDIN MUHTAR, M. Sos.",648891,9
Jawa Barat,JAWA BARAT,"Dr. Hj. IFA FAIZAH ROHMAH, M.Pd.",593202,10
Jawa Barat,JAWA BARAT,DEDE AMAR,557103,11
Jawa Barat,JAWA BARAT,A IRWAN BOLA,548244,12
Jawa Barat,JAWA BARAT,ARIF RAHMAN HIDAYAT,385065,13
Jawa Barat,JAWA BARAT,ABAS ABDUL JALIL,364954,14
Jawa Barat,JAWA BARAT,"JAJANG KURNIA, S.Sos., M.Si.",362485,15
Jawa Barat,JAWA BARAT,K.H. A WAWAN GHOZALI,352776,16
Jawa Barat,JAWA BARAT,A OGI SOS,333793,17
Jawa Barat,JAWA BARAT,"H. ADIL MAKMUR SANTOSA, S.Pd., M.Si.",307365,18
Jawa Barat,JAWA BARAT,"Dra. Ir. Hj. ENI SUMARNI, M.Kes.",285179,19
Jawa Barat,JAWA BARAT,"ERNAWATY TAMPUBOLON, S.T., M.Th.",257636,20
Jawa Barat,JAWA BARAT,"Drs. MUHAMMAD YAMIN, M.H.",247675,21
Jawa Barat,JAWA BARAT,RIFKI KARTINI,244244,22
Jawa Barat,JAWA BARAT,A TAUPIK HIDAYAT,235323,23
Jawa Barat,JAWA BARAT,"BUDIYANTO, S.Pi.",222921,24
Jawa Barat,JAWA BARAT,"DENI RUSYNIADI, S.Ag.",196894,25
Jawa Barat,JAWA BARAT,DJUMONO,195831,26
Jawa Barat,JAWA BARAT,"BIBEN FIKRIANA, S.Kep., Ners., M.Kep.",191997,27
Jawa Barat,JAWA BARAT,MUHAMMAD MURTADLOILLAH,189815,28
Jawa Barat,JAWA BARAT,"Dr. HAIDAN, S.Pd.I., S.H., M.Ag.",181347,29
Jawa Barat,JAWA BARAT,WAWAN DEDE AMUNG SUTARYA,180484,30
Jawa Barat,JAWA BARAT,Drs. H. SURATTO SISWODIHARDJO,175014,31
Jawa Barat,JAWA BARAT,"IMAM SOLAHUDIN, S.T., S.Ag., M.Si.",173248,32
Jawa Barat,JAWA BARAT,MUHAMAD DAWAM,158492,33
Jawa Barat,JAWA BARAT,"HENDRIK KURNIAWAN, S.Pd.I.",156768,34
Jawa Barat,JAWA BARAT,"DENDA ALAMSYAH, S.T.",154678,35
Jawa Barat,JAWA BARAT,"Dr. SITTI HIKMAWATTY, S.ST., M.Pd.",138446,36
Jawa Barat,JAWA BARAT,"AJI SAPTAJI, S.H.I., M.E.Sy.",136804,37
Jawa Barat,JAWA BARAT,Ir. ELAN HERYANTO,116126,38
Jawa Barat,JAWA BARAT,"TEDY GIANTARA, S.T.",113324,39
Jawa Barat,JAWA BARAT,"YUNITA DIAN SUWANDARI, S.T., M.M., M.T.",107053,40
Jawa Barat,JAWA BARAT,"EDI KUSDIANA, S.A.P., M.M.",104229,41
Jawa Barat,JAWA BARAT,"BUDIYONO, S.P.",88528,42
Jawa Barat,JAWA BARAT,"AMBU USDEK KANIAWATI, S.Sos.",80294,43
Jawa Barat,JAWA BARAT,"JAHENOS SARAGIH, S.Th., M.Th., M.M.",74750,44
Jawa Barat,JAWA BARAT,DIAN RAHADIAN,69303,45
Jawa Barat,JAWA BARAT,"ANDRI PERKASA KANTAPRAWIRA, S.I.P, M.M.",67433,46
Jawa Barat,JAWA BARAT,"Dr. Drs. SONNY HERSONA GW, M.M",63049,47
Jawa Barat,JAWA BARAT,"RIA SUGIAT, S.H.",57031,48
Jawa Barat,JAWA BARAT,ROBBY MAULANA ZULKARNAEN,52268,49
Jawa Barat,JAWA BARAT,Dr. SUROYO,50200,50
Jawa Barat,JAWA BARAT,RUSDI HIDAYAT,36135,51
Jawa Barat,JAWA BARAT,"IMAM SUGIARTO, S.H.",29859,52
Jawa Barat,JAWA BARAT,"DEDI RUDIANSYAH, S.T.",29729,53
Jawa Barat,JAWA BARAT,MULYADI ELHAN ZAKARIA,19115,54
Jawa Tengah,JAWA TENGAH,TAJ YASIN,3821699,1
Jawa Tengah,JAWA TENGAH,"CASYTHA A. KATHMANDU, S.E.",3567338,2
Jawa Tengah,JAWA TENGAH,"Dr. H. ABDUL KHOLIK, S.H., M.Si.",2160469,3
Jawa Tengah,JAWA TENGAH,"DENTY EKA WIDI PRATIWI, S.E., M.H.",1929267,4
Jawa Tengah,JAWA TENGAH,"Dr. H. MUHDI, S.H., M.Hum.",1628507,5
Jawa Tengah,JAWA TENGAH,"Ir. H. BAMBANG SUTRISNO, M.M.",1520105,6
Jawa Tengah,JAWA TENGAH,LAMAATUS SHOBAH DIMYATI ROIS,1083182,7
Jawa Tengah,JAWA TENGAH,AGUS MUJAYANTO,941268,8
Jawa Tengah,JAWA TENGAH,"AHMAD BALIGH MU'AIDI, S.Pd.I.",784666,9
Jawa Tengah,JAWA TENGAH,Ir. JOKO DALMADYO,575779,10
Jawa Tengah,JAWA TENGAH,"KODIRIN, S.H., M.M.",447780,11
Daerah Istimewa Yogyakarta,DAERAH ISTIMEWA YOGYAKARTA,GUSTI KANJENG RATU HEMAS,777912,1
Daerah Istimewa Yogyakarta,DAERAH ISTIMEWA YOGYAKARTA,R.A. YASHINTA SEKARWANGI MEGA,470211,2
Daerah Istimewa Yogyakarta,DAERAH ISTIMEWA YOGYAKARTA,"Ir. AHMAD SYAUQI SOERATNO, M.M.",398903,3
Daerah Istimewa Yogyakarta,DAERAH ISTIMEWA YOGYAKARTA,"Dr. H. HILMY MUHAMMAD, M.A.",323080,4
Daerah Istimewa Yogyakarta,DAERAH ISTIMEWA YOGYAKARTA,H. A. KHUDHORI,202423,5
Daerah Istimewa Yogyakarta,DAERAH ISTIMEWA YOGYAKARTA,"Dr. H. TUGIMAN, S.H. , M.Si.",41855,6
Daerah Istimewa Yogyakarta,DAERAH ISTIMEWA YOGYAKARTA,Ir. CINDE LARAS YULIANTO,36058,7
Daerah Istimewa Yogyakarta,DAERAH ISTIMEWA YOGYAKARTA,Drs. TRISNO SUNARDI,35063,8
Daerah Istimewa Yogyakarta,DAERAH ISTIMEWA YOGYAKARTA,"SINDU KURNIAWAN, S.E.",14064,9
Jawa Timur,JAWA TIMUR,AA. AHMAD NAWARDI,3281105,1
Jawa Timur,JAWA TIMUR,"Ir. H. AA LA NYALLA MAHMUD MATTALITTI, M.HP.",3132076,2
Jawa Timur,JAWA TIMUR,Dr. LIA ISTIFHAMA,2739123,3
Jawa Timur,JAWA TIMUR,KONDANG KUSUMANING AYU,2542036,4
Jawa Timur,JAWA TIMUR,"Ir. H. AGUS RAHARDJO, MSc.M.",2205069,5
Jawa Timur,JAWA TIMUR,"ADILLA AZIS, S.E.",1955615,6
Jawa Timur,JAWA TIMUR,Drs. AYUB KHAN,1465714,7
Jawa Timur,JAWA TIMUR,"ABDUL QADIR AMIR HARTONO, S.E., S.H., M.H.",1429865,8
Jawa Timur,JAWA TIMUR,BAMBANG HARIANTO,444543,9
Jawa Timur,JAWA TIMUR,"CATUR RUDI UTANTO, S.Sos.",398249,10
Jawa Timur,JAWA TIMUR,"MOHAMMAD TRIJANTO, S.H., M.M., M.H.",328234,11
Jawa Timur,JAWA TIMUR,DODDY DWI NUGROHO,184431,12
Jawa Timur,JAWA TIMUR,KUNJUNG WAHYUDI,184127,13
Banten,BANTEN,"ANDIARA APRILIA HIKMAT, S.I.Kom.",1049928,1
Banten,BANTEN,H. ABDI SUMAITHI,568577,2
Banten,BANTEN,HABIB ALI ALWI,488317,3
Banten,BANTEN,"Hj. ADE YULIASIH, S.H., M.Kn.",443036,4
Banten,BANTEN,H. AHMAD SUBADRI,428478,5
Banten,BANTEN,ANANTA WAHANA,279986,6
Banten,BANTEN,DEDEN ZAENUL FARHAN,263293,7
Banten,BANTEN,"Dr. H. TB. M. ALI RIDHO AZHARI, S.H., M.H., M.I.Kom.",256450,8
Banten,BANTEN,MOCHAMMAD FARID DERMAWAN,224445,9
Banten,BANTEN,"H. PUJIYANTO, S.E., M.M.",197682,10
Banten,BANTEN,"ADE FAUJI, S.E., M.M.",182106,11
Banten,BANTEN,"H. DANI SAMIUN, S.H.",177124,12
Banten,BANTEN,"H. SURTAWIJAYA, S.Pd., M.Si.",155085,13
Banten,BANTEN,"JULIANTO, S.H., M.H.",139415,14
Banten,BANTEN,TB. BASUNI,111087,15
Banten,BANTEN,H. ICHSAN HS,109765,16
Banten,BANTEN,"Drs. H. CEPI SAFRUL ALAM, M.Si.",109487,17
Banten,BANTEN,"WARINTON SIMANJUNTAK, S.E., S.H.",98299,18
Banten,BANTEN,"H. MIPTAHUDDIN, S.T., M.T.",89416,19
Banten,BANTEN,KHOERUN HUDA,84529,20
Banten,BANTEN,"Drs. H. IDRIS JAMRONI, M.Si.",79777,21
Banten,BANTEN,"K.H. MUNAWIR, S.H., M.Pd.",74576,22
Banten,BANTEN,LINDUNG GURNING,71197,23
Banten,BANTEN,GUNAWAN S,63158,24
Bali,BALI,"Dr. IDA BAGUS RAI DHARMAWIJAYA MANTRA, S.E., M.Si.",494698,1
Bali,BALI,SHRI I GUSTI NGURAH ARYA WEDAKARNA MAHENDRADATTA WEDASTERAPUTRA SUYAS,0,2
Bali,BALI,NI LUH PUTU ARY PERTAMI DJELANTIK,377152,3
Bali,BALI,I KOMANG MERTA JIWA,363440,4
Bali,BALI,"I WAYAN GEREDEG, S.H.",144346,5
Bali,BALI,"I KETUT WISNA, S.T., M.M.",143027,6
Bali,BALI,"H. BAMBANG SANTOSO, M.A.",131876,7
Bali,BALI,AGUNG BAGUS ARSADHANA LINGGIH,113367,8
Bali,BALI,I MADE KERTA SUWIRYA,63854,9
Bali,BALI,"I KETUT HARI SUYASA, S.E.",62196,10
Bali,BALI,AINUN NI'AM,54241,11
Bali,BALI,Dr. GEDE SUARDANA,50619,12
Bali,BALI,"I GUSTI AGUNG NGURAH SUDARSANA, S.H., M.H.",37985,13
Bali,BALI,Ir. I WAYAN SEDANG,21024,14
Bali,BALI,"I WAYAN SUKAYASA, S.H., M.I.Kom.",16011,15
Bali,BALI,"MADE WIDHI DHARMA, S.E., Ak., M.Si.",15766,16
Bali,BALI,"PUTU WAHYU WIDIARTANA, S.H., M.H.",15451,17
Nusa Tenggara Barat,NUSA TENGGARA BARAT,"TGH. IBNU HALIL, S.Ag., M.Pd.I.",328713,1
Nusa Tenggara Barat,NUSA TENGGARA BARAT,"Hj. EVI APITA MAYA, S.H., M.Kn.",315007,2
Nusa Tenggara Barat,NUSA TENGGARA BARAT,MUH RIFKI FARABI,284126,3
Nusa Tenggara Barat,NUSA TENGGARA BARAT,MIRAH MIDADAN FAHMID,265104,4
Nusa Tenggara Barat,NUSA TENGGARA BARAT,"TGH. LALU GEDE MUHAMAD ALI WIRASAKTI AMIR MURNI, M.A.",207600,5
Nusa Tenggara Barat,NUSA TENGGARA BARAT,H. LALU SUHAIMI ISMY,197816,6
Nusa Tenggara Barat,NUSA TENGGARA BARAT,"H. ACHMAD SUKISMAN AZMY, M.H.",182624,7
Nusa Tenggara Barat,NUSA TENGGARA BARAT,"BRIGJEN TNI (Purn.) LALU RUDY I. SRIGEDE, S.T., M.Si.",147046,8
Nusa Tenggara Barat,NUSA TENGGARA BARAT,"NURDIN RANGGABARANI, S.H., M.H.",135601,9
Nusa Tenggara Barat,NUSA TENGGARA BARAT,Hj. NURHAIDAH,121053,10
Nusa Tenggara Barat,NUSA TENGGARA BARAT,"SABOLAH, M.Pd.",120399,11
Nusa Tenggara Barat,NUSA TENGGARA BARAT,"TGH. MUHAIMIN YAHYA MUTAWALLI, S.Sos.",96638,12
Nusa Tenggara Barat,NUSA TENGGARA BARAT,"Dr. AHMAD TURMUZI, S.S., M.Pd.",87090,13
Nusa Tenggara Barat,NUSA TENGGARA BARAT,MASKAHYANGAN,64835,14
Nusa Tenggara Barat,NUSA TENGGARA BARAT,"Hj. MAUREEN G. WENAS, S.E.",63971,15
Nusa Tenggara Barat,NUSA TENGGARA BARAT,"TAUHID RIFA'I, S.Ag.",56117,16
Nusa Tenggara Barat,NUSA TENGGARA BARAT,"JAMHARI LATIF, S.E.",51132,17
Nusa Tenggara Barat,NUSA TENGGARA BARAT,"MULYADI, S.P.",49950,18
Nusa Tenggara Barat,NUSA TENGGARA BARAT,"SA'ADATUL HAYATI PUTRI, S.K.G.",49094,19
Nusa Tenggara Barat,NUSA TENGGARA BARAT,Drs. H. RIDWAN HIDAYAT,30137,20
Nusa Tenggara Barat,NUSA TENGGARA BARAT,H. SUBUHUNNURI,20509,21
Nusa Tenggara Barat,NUSA TENGGARA BARAT,"Dr. Drs. H. MUSA SHOFIANDY, S.H., M.M.",19344,22
Nusa Tenggara Timur,NUSA TENGGARA TIMUR,dr. MARIA STEVI HARMAN,405579,1
Nusa Tenggara Timur,NUSA TENGGARA TIMUR,"ANGELIUS WAKE KAKO, S.Pd.,M.Si.",362645,2
Nusa Tenggara Timur,NUSA TENGGARA TIMUR,Ir. ABRAHAM LIYANTO,279392,3
Nusa Tenggara Timur,NUSA TENGGARA TIMUR,"HILDA MANAFE, S.E., M.M.",267195,4
Nusa Tenggara Timur,NUSA TENGGARA TIMUR,"EL ASAMAU, S.IP., M.P.P.",265900,5
Nusa Tenggara Timur,NUSA TENGGARA TIMUR,dr. ASYERA R.A. WUNDALERO,169974,6
Nusa Tenggara Timur,NUSA TENGGARA TIMUR,"UMBU WULANG TANAAMAH PARANGGI, S.Sos.",156586,7
Nusa Tenggara Timur,NUSA TENGGARA TIMUR,"CHRISTOPHER RAYMOND TANNUR, S.E.",150173,8
Nusa Tenggara Timur,NUSA TENGGARA TIMUR,SITI SAUDAH H. MUSTAFA,141808,9
Nusa Tenggara Timur,NUSA TENGGARA TIMUR,"FERDINANDUS HASIMAN, S.S., M.IP",137273,10
Nusa Tenggara Timur,NUSA TENGGARA TIMUR,"Drs. JULIANUS POTE LEBA, M.Si.",101128,11
Nusa Tenggara Timur,NUSA TENGGARA TIMUR,"Ir. THOMAS SERAN, M.M.",81833,12
Nusa Tenggara Timur,NUSA TENGGARA TIMUR,Ir. SARAH LERY MBOEIK,76230,13
Nusa Tenggara Timur,NUSA TENGGARA TIMUR,"PATJE OKTOFIANUS TASUIB, S.Sos.",65723,14
Nusa Tenggara Timur,NUSA TENGGARA TIMUR,"HIRONIMUS MAWO DOPO, S.E.",58845,15
Nusa Tenggara Timur,NUSA TENGGARA TIMUR,"MAKSIMUS RAMSES LALONGKOE, S.Sos., M.Sc.",40172,16
Nusa Tenggara Timur,NUSA TENGGARA TIMUR,IVAN R. RONDO,11792,17
Kalimantan Barat,KALIMANTAN BARAT,DAUD YORDAN,527697,1
Kalimantan Barat,KALIMANTAN BARAT,"SYARIF MELVIN, S.H.",399273,2
Kalimantan Barat,KALIMANTAN BARAT,"Hj. ERLINAWATI, S.H., M.A.P.",369961,3
Kalimantan Barat,KALIMANTAN BARAT,"MARIA GORETI, S.Sos., M.Si.",276562,4
Kalimantan Barat,KALIMANTAN BARAT,"Drs. CHRISTIANDY SANJAYA, S.E., M.M.",243856,5
Kalimantan Barat,KALIMANTAN BARAT,"Hj. RUBAETI ERLITA, S.Sos.I., S.H.",235730,6
Kalimantan Barat,KALIMANTAN BARAT,"BRIDE SURYANUS ALLORANTE, S.T., M.M., M.T.",191334,7
Kalimantan Barat,KALIMANTAN BARAT,"Drs. CORNELIUS KIMHA, M.Si.",153816,8
Kalimantan Barat,KALIMANTAN BARAT,"H. PENSONG, S.E., M.Si.",96224,9
Kalimantan Barat,KALIMANTAN BARAT,DAVID OENDOEN,89197,10
Kalimantan Barat,KALIMANTAN BARAT,FACHRUDIN DARAJAT SIREGAR,77684,11
Kalimantan Barat,KALIMANTAN BARAT,"TUKIRIN SURYO ADINAGORO, S.E.",54030,12
Kalimantan Barat,KALIMANTAN BARAT,"MAKARIUS SINTONG, S.H., M.H.",45903,13
Kalimantan Barat,KALIMANTAN BARAT,"Drs. T.T.A. NYARONG, M.Si.",45397,14
Kalimantan Barat,KALIMANTAN BARAT,"MAURITIUS ARYA TANJUNGPURA, S.Sos.",42653,15
Kalimantan Barat,KALIMANTAN BARAT,"DOMINIKUS OKBERTUS SRIKUJAM, S.Sos., M.Sos.",35076,16
Kalimantan Tengah,KALIMANTAN TENGAH,"Dr. AGUSTIN TERAS NARANG, S.H.",366226,1
Kalimantan Tengah,KALIMANTAN TENGAH,HABIB SAID ABDURRAHMAN,169599,2
Kalimantan Tengah,KALIMANTAN TENGAH,"dr. Hj. ERNI DARYANTI, M. Biomed.",168413,3
Kalimantan Tengah,KALIMANTAN TENGAH,"H SITI ASEANTI, S. ST., M. Keb.",118892,4
Kalimantan Tengah,KALIMANTAN TENGAH,HABIB SAYID ABI NAZAR ALHABSYI,113685,5
Kalimantan Tengah,KALIMANTAN TENGAH,"BELLA BRITTANI BAHAT, S.T.",111310,6
Kalimantan Tengah,KALIMANTAN TENGAH,"Dr. PERDIE M. YOSEPH, M.A.",102613,7
Kalimantan Tengah,KALIMANTAN TENGAH,"Dr. Hj. ISWANTI DARWAN ALI, S.E., M.M.",90263,8
Kalimantan Tengah,KALIMANTAN TENGAH,"H. AMANTO SURYA LANGKA, Lc.",89825,9
Kalimantan Selatan,KALIMANTAN SELATAN,HABIB ZAKARIA BAHASYIM,415223,1
Kalimantan Selatan,KALIMANTAN SELATAN,"MUHAMMAD HIDAYATTOLLAH, S.Pd.",314979,2
Kalimantan Selatan,KALIMANTAN SELATAN,"H. GUSTI FARID HASAN AMAN, S.E., A.Kt., M.B.A.",301738,3
Kalimantan Selatan,KALIMANTAN SELATAN,"HABIB HAMID ABDULLAH, S.H., M.H.",269903,4
Kalimantan Selatan,KALIMANTAN SELATAN,"H. HABIB UMAR AL IDRUS, S.M.",258284,5
Kalimantan Selatan,KALIMANTAN SELATAN,"Dr. H PANGERAN SYARIF ABDURRAHMAN BAHASYIM, M.M. HABIB BANUA.",236484,6
Kalimantan Selatan,KALIMANTAN SELATAN,"ANTUNG FATMAWATI, S.T.",145739,7
Kalimantan Selatan,KALIMANTAN SELATAN,"NANIK HAYATI, S.Sos.",93928,8
Kalimantan Selatan,KALIMANTAN SELATAN,"H. MUHAMMAD YAMIN, I.E.",71539,9
Kalimantan Timur,KALIMANTAN TIMUR,"SINTA ROSMA YENTI, S.A.P.",219819,1
Kalimantan Timur,KALIMANTAN TIMUR,"AJI MIRNI MAWARNI, S.T., M.M.",188193,2
Kalimantan Timur,KALIMANTAN TIMUR,"Dr. dr. ANDI SOFYAN HASDAM, Sp.N.",179346,3
Kalimantan Timur,KALIMANTAN TIMUR,"Dr. YULIANUS HENOCK SUMUAL, S.H., M.Si.",140044,4
Kalimantan Timur,KALIMANTAN TIMUR,"ZAINAL ARIFIN, A.Md., Kep.",129974,5
Kalimantan Timur,KALIMANTAN TIMUR,"Ir. H. EMIR MOEIS, M.Sc.",124566,6
Kalimantan Timur,KALIMANTAN TIMUR,"HABIB AHMAD BAHASYIM, S.E., M.M.",114871,7
Kalimantan Timur,KALIMANTAN TIMUR,"H. MUHAMMAD FATHUR RAHMAN AL KUTAI, S.H., M.H.",114591,8
Kalimantan Timur,KALIMANTAN TIMUR,NASPI ARSYAD,103367,9
Kalimantan Timur,KALIMANTAN TIMUR,"ABDUL JAWAD, S.H., M.H.",95806,10
Kalimantan Timur,KALIMANTAN TIMUR,"H. NANANG SULAIMAN, S.E.",86763,11
Kalimantan Timur,KALIMANTAN TIMUR,K.H. FAHRUR RAZI,84834,12
Kalimantan Timur,KALIMANTAN TIMUR,"Dr. H. RENDI SUSISWO ISMAIL, S.H., M.H.",75018,13
Kalimantan Timur,KALIMANTAN TIMUR,"Ir. H. BAMBANG SUSILO, M.M.",61246,14
Kalimantan Timur,KALIMANTAN TIMUR,"H. ANDI FATHUL KHAIR, S.Sos.",48084,15
Kalimantan Timur,KALIMANTAN TIMUR,Mayjen TNI (Purn) SOEDARMO,40312,16
Kalimantan Timur,KALIMANTAN TIMUR,"H. JAFAR ABDUL GAFFAR, S.Sos., M.H.",38683,17
Kalimantan Timur,KALIMANTAN TIMUR,"Apt. A. ZALDY IRZA PAHLEVY ABDURRASYID, S.Si., M.Farm.",28496,18
Kalimantan Timur,KALIMANTAN TIMUR,"KAMAL HARPA, S.Sos.",18428,19
Kalimantan Timur,KALIMANTAN TIMUR,"SUMADI, S.Sos.",8528,20
Kalimantan Utara,KALIMANTAN UTARA,"HERMAN, S.H.",55198,1
Kalimantan Utara,KALIMANTAN UTARA,"H. HASAN BASRI, S.E., M.H.",51725,2
Kalimantan Utara,KALIMANTAN UTARA,LARASATI MORISKA,45559,3
Kalimantan Utara,KALIMANTAN UTARA,"Dr. Drs. MARTHIN BILLA, M.M.",45119,4
Kalimantan Utara,KALIMANTAN UTARA,"Hj. SRI SULARTININGSIH, S.I.Kom., M.I.Kom.",44455,5
Kalimantan Utara,KALIMANTAN UTARA,"FERNANDO SINAGA, S.Th.",27637,6
Kalimantan Utara,KALIMANTAN UTARA,"Dr. Drs. HENDRIS DAMUS, M.Si.",19113,7
Kalimantan Utara,KALIMANTAN UTARA,"ABD. DJALIL FATAH, S.H., M.M.",18996,8
Kalimantan Utara,KALIMANTAN UTARA,H. ISMUNANDAR AZIS,15428,9
Kalimantan Utara,KALIMANTAN UTARA,"MUKLIS, S.H., M.H.",11255,10
Kalimantan Utara,KALIMANTAN UTARA,MUHAMMAD FAJRI ALFA ROBI,10312,11
Kalimantan Utara,KALIMANTAN UTARA,DT. BUYUNG PERKASA,9476,12
Kalimantan Utara,KALIMANTAN UTARA,"AJI MUHAMMAD ARI WIJAYA, S.T.",5373,13
Kalimantan Utara,KALIMANTAN UTARA,"SYAMSUDDIN, S.Pd., M.Pd., M.H.",5261,14
Kalimantan Utara,KALIMANTAN UTARA,"MUHAMMAD SYAWAL, SE. M.M.",4032,15
Kalimantan Utara,KALIMANTAN UTARA,SISWANTARA,3998,16
Sulawesi Utara,SULAWESI UTARA,MAYA RUMANTIR,394153,1
Sulawesi Utara,SULAWESI UTARA,CHERISH HARRIETTE,234333,2
Sulawesi Utara,SULAWESI UTARA,"Ir. STEFANUS B.A.N. LIOW, M.A.P.",216126,3
Sulawesi Utara,SULAWESI UTARA,"Dra. ADRIANA CHARLOTTE DONDOKAMBEY, M.Si.",202652,4
Sulawesi Utara,SULAWESI UTARA,DJAFAR ALKATIRI,188580,5
Sulawesi Utara,SULAWESI UTARA,"ABID TAKALAMINGAN, S.Sos., M.H.",140474,6
Sulawesi Utara,SULAWESI UTARA,"MURPHY ELDY KANLY KUHU, S.T.P.",72868,7
Sulawesi Utara,SULAWESI UTARA,"PUTRI REJEKI KASAD, S.H., M.Kn.",48142,8
Gorontalo,GORONTALO,Prof. Dr. Ir. FADEL MUHAMMAD,242732,1
Gorontalo,GORONTALO,"Hi. SYARIF MBUINGA, S.Pd.I., S.E., M.M.",101992,2
Gorontalo,GORONTALO,RAHMIJATI JAHJA,85146,3
Gorontalo,GORONTALO,H. JASIN U. DILO,63904,4
Gorontalo,GORONTALO,"DEWI SARTIKA HEMETO, S.E.",59171,5
Gorontalo,GORONTALO,H. TONNY S. JUNUS,57807,6
Gorontalo,GORONTALO,"ANA SUPRIYANA ABDUL HAMID, S.H., M.Kn.",45586,7
Gorontalo,GORONTALO,dr. RUSLIYANTO MONOARFA,31887,8
Gorontalo,GORONTALO,"RONALD S. BIDJUNI, S.Sn.",20911,9
Gorontalo,GORONTALO,"H. YUSRI M. HELINGO, S.E., M.M.",16134,10
Gorontalo,GORONTALO,HENGKI MALIKI,11866,11
Gorontalo,GORONTALO,"JAMALUDDIN K. MOOWAGO, S.Kom.",7470,12
Sulawesi Tengah,SULAWESI TENGAH,"FEBRIYANTHI HONGKIRIWANG, S.Si., Apt.",183470,1
Sulawesi Tengah,SULAWESI TENGAH,"ABCANDRA MUHAMMAD AKBAR SUPRATMAN, S.H.",181655,2
Sulawesi Tengah,SULAWESI TENGAH,RAFIQ AL-AMRI,162585,3
Sulawesi Tengah,SULAWESI TENGAH,"ANDHIKA MAYRIZAL AMIR, S.H., M.Kn.",130859,4
Sulawesi Tengah,SULAWESI TENGAH,"Dr. ABDUL RACHMAN THAHA, S.H., M.H.",102821,5
Sulawesi Tengah,SULAWESI TENGAH,"AHMAD SYAIFULLAH MALONDA, S.P.",101981,6
Sulawesi Tengah,SULAWESI TENGAH,Pdt. RINALDI DAMANIK,97686,7
Sulawesi Tengah,SULAWESI TENGAH,"MUGIRA, S.H.",79712,8
Sulawesi Tengah,SULAWESI TENGAH,"ANDI PARENRENGI, S.T.",78936,9
Sulawesi Tengah,SULAWESI TENGAH,"LUKKY SEMEN, S.E.",78389,10
Sulawesi Tengah,SULAWESI TENGAH,"EVA SUSANTI H BANDE, S.Sos.",67129,11
Sulawesi Tengah,SULAWESI TENGAH,"AAN ARIF LATADANO, S.T.",61717,12
Sulawesi Tengah,SULAWESI TENGAH,"Ir. TRIE IRIANY LAMAKAMPALI, M.M.",50254,13
Sulawesi Tengah,SULAWESI TENGAH,"H. MUSTAR LABOLO, S.Sos., M.Pd.",47263,14
Sulawesi Tengah,SULAWESI TENGAH,IKBAL BASIR KHAN,40244,15
Sulawesi Tengah,SULAWESI TENGAH,"Ir. MOH. FAIZAL MANG, M.M.",38499,16
Sulawesi Tengah,SULAWESI TENGAH,BUDIMAN JAYA ASHARI,37234,17
Sulawesi Tengah,SULAWESI TENGAH,"ARIFIN SUNUSI, S.H., MBT.",34317,18
Sulawesi Tengah,SULAWESI TENGAH,SITI ZAHRIA,33395,19
Sulawesi Tengah,SULAWESI TENGAH,"SUHARDI, S.Th.I.",32086,20
Sulawesi Tengah,SULAWESI TENGAH,"Ir. H. SYAIFULLAH DJAFAR, M.Si.",28099,21
Sulawesi Tengah,SULAWESI TENGAH,"PERI COKROAMINOTO DEWANTORO, S.Fil.I.",18057,22
Sulawesi Selatan,SULAWESI SELATAN,"A. ABD. WARIS HALID, S.S., M.M.",504201,1
Sulawesi Selatan,SULAWESI SELATAN,"H. AL HIDAYAT SAMSU, S.Pd., M.Pd.",496609,2
Sulawesi Selatan,SULAWESI SELATAN,TAMSIL LINRUNG,455789,3
Sulawesi Selatan,SULAWESI SELATAN,ANDI MUH. IHSAN,390146,4
Sulawesi Selatan,SULAWESI SELATAN,"DATU LUWU ANDI MARADANG MACKULAU, S.H.",355308,5
Sulawesi Selatan,SULAWESI SELATAN,A. HATTA MARAKARMA,333857,6
Sulawesi Selatan,SULAWESI SELATAN,Prof. Dr. H IDRUS ANDI PATURUSI,295392,7
Sulawesi Selatan,SULAWESI SELATAN,"Dr. Apt. H. ANDI MUH YAGKIN PADJALANGI, M.Kes.",253369,8
Sulawesi Selatan,SULAWESI SELATAN,"Pdt. MUSA SALUSU, M.Th.",252786,9
Sulawesi Selatan,SULAWESI SELATAN,"Ir. H. MUHAMMAD NASYIT UMAR, SP.",233569,10
Sulawesi Selatan,SULAWESI SELATAN,"Ir. H. A. CHAIRIL ANWAR, M.M.",215154,11
Sulawesi Selatan,SULAWESI SELATAN,"LILY AMELIA SALURAPA, S.E., M.M.",213301,12
Sulawesi Selatan,SULAWESI SELATAN,"ELLI OSCHAR, M.Pd.I",209295,13
Sulawesi Selatan,SULAWESI SELATAN,"Drs. H. ABD. RAHMAN, M.M.",175286,14
Sulawesi Selatan,SULAWESI SELATAN,"Dr. Ir. H. A. M. YUSRAN PARIS, M.M.",156103,15
Sulawesi Selatan,SULAWESI SELATAN,ANDI BASO RYADI MAPPASULLE,125225,16
Sulawesi Selatan,SULAWESI SELATAN,ST. DIZA RASYID ALI,100654,17
Sulawesi Selatan,SULAWESI SELATAN,HARMANSYAH,99056,18
Sulawesi Barat,SULAWESI BARAT,"ANDRI PRAYOGA PUTRA SINGKARRU, MSc.",150633,1
Sulawesi Barat,SULAWESI BARAT,"JUPRI MAHMUD, S.E.",112289,2
Sulawesi Barat,SULAWESI BARAT,H. ALMALIK PABABARI,56225,3
Sulawesi Barat,SULAWESI BARAT,"A. IAN ALI BAAL MASDAR, S.H.",55090,4
Sulawesi Barat,SULAWESI BARAT,H. ISKANDAR MUDA BAHARUDDIN LOPA,53069,5
Sulawesi Barat,SULAWESI BARAT,"H. KALMA KATTA, S.Sos., M.M.",48867,6
Sulawesi Barat,SULAWESI BARAT,"MUHAMMAD HATTA KAINANG, S.H.",38153,7
Sulawesi Barat,SULAWESI BARAT,"Ir. H. HAMSAH SUNUBA, M. Kes.",27134,8
Sulawesi Barat,SULAWESI BARAT,BASTIAN BASRI,24966,9
Sulawesi Barat,SULAWESI BARAT,"ABD JAWAS GANI, S.H., M.H.",23733,10
Sulawesi Barat,SULAWESI BARAT,"LEONAR BONGGA, S.H.",21396,11
Sulawesi Barat,SULAWESI BARAT,"BUSTAN BASIR, S.H.I., M.A.",19331,12
Sulawesi Barat,SULAWESI BARAT,"Pdt. YAVED NATANIEL, S.Th.",19185,13
Sulawesi Barat,SULAWESI BARAT,RISBAR BERLIAN BACHRI,19006,14
Sulawesi Barat,SULAWESI BARAT,Drs. HAJI HUSAIN,17937,15
Sulawesi Barat,SULAWESI BARAT,"Dr. SEMUEL LINGGI TOPAYUNG, M.A.P.",16138,16
Sulawesi Barat,SULAWESI BARAT,ISWAR,15773,17
Sulawesi Barat,SULAWESI BARAT,H. SUKARDY MUHAMMAD NOER,12881,18
Sulawesi Barat,SULAWESI BARAT,HASAN BADO,12680,19
Sulawesi Barat,SULAWESI BARAT,MUHAIMIN FAISAL,11211,20
Sulawesi Barat,SULAWESI BARAT,ANDI MUH. ICHSAN,5791,21
Sulawesi Barat,SULAWESI BARAT,"Drs. H. HARUN, M.M.",5599,22
Sulawesi Barat,SULAWESI BARAT,"HEINCE DEMMABUTTU, S.I.P.",5540,23
Sulawesi Barat,SULAWESI BARAT,"SUPRIADI YUSUF, S.Si., M.Si.",5163,24
Sulawesi Tenggara,SULAWESI TENGGARA,LA ODE UMAR BONTE,214999,1
Sulawesi Tenggara,SULAWESI TENGGARA,"LENI ANDRIANI SURUNUDDIN, B.Bus., M.Com.",156916,2
Sulawesi Tenggara,SULAWESI TENGGARA,"WA ODE RABIA AL ADAWIA RIDWAN, S.E., M.B.A.",119728,3
Sulawesi Tenggara,SULAWESI TENGGARA,"Dr. H. MZ. AMIRUL TAMIM, M.Si.",94530,4
Sulawesi Tenggara,SULAWESI TENGGARA,"dr. DEWA PUTU ARDIKA SEPUTRA, Sp.OG.",94166,5
Sulawesi Tenggara,SULAWESI TENGGARA,"Hj. ANDI NIRWANA S., S.P., M.M.",72847,6
Sulawesi Tenggara,SULAWESI TENGGARA,AMNAENI DG. TABAJI,66936,7
Sulawesi Tenggara,SULAWESI TENGGARA,"H. ABDUL RASYID SYAWAL, S.Pd.",61602,8
Sulawesi Tenggara,SULAWESI TENGGARA,ABDUL JALIL,56512,9
Sulawesi Tenggara,SULAWESI TENGGARA,"H. MUHLIS, S.Si.",52303,10
Sulawesi Tenggara,SULAWESI TENGGARA,"ANDI SAHIBUDDIN, S.Ag.",48938,11
Sulawesi Tenggara,SULAWESI TENGGARA,"Ir. WA ODE HAMSINAH BOLU, M.Sc.",47913,12
Sulawesi Tenggara,SULAWESI TENGGARA,RATNA LA DA,46140,13
Sulawesi Tenggara,SULAWESI TENGGARA,"Dr. MASMUR, S.S., M.Si.",44989,14
Sulawesi Tenggara,SULAWESI TENGGARA,"Dr. H. M. TASMIN L., M.Pd.I.",44534,15
Sulawesi Tenggara,SULAWESI TENGGARA,MANSUR,32308,16
Sulawesi Tenggara,SULAWESI TENGGARA,TIE SARANANI,29519,17
Sulawesi Tenggara,SULAWESI TENGGARA,FATMAYANI HARLI TOMBILI,26187,18
Sulawesi Tenggara,SULAWESI TENGGARA,"Drs. H. MUIRUN AWI, M.Si.",26143,19
Sulawesi Tenggara,SULAWESI TENGGARA,"ALMAGHFIRAH SAPRI, S.H.",21317,20
Sulawesi Tenggara,SULAWESI TENGGARA,M. ARIS ACHMAD,20672,21
Sulawesi Tenggara,SULAWESI TENGGARA,"BURHANIS, S.A.P.",13714,22
Sulawesi Tenggara,SULAWESI TENGGARA,"Dr. YURISMAN STAR, S.E., M.Si.",8086,23
Sulawesi Tenggara,SULAWESI TENGGARA,"H. TONY AKBAR HASIBUAN, S.H., M.H.",6208,24
Maluku,MALUKU,"NOVITA ANAKOTTA, S.H., M.H.",180335,1
Maluku,MALUKU,"ANNA LATUCONSINA, S.H., S.I.Kom.",126595,2
Maluku,MALUKU,"BISRI AS SHIDDIQ LATUCONSINA, S.Sos.",110163,3
Maluku,MALUKU,"MIRATI DEWANINGSIH, S.T.",85690,4
Maluku,MALUKU,"Dr. NONO SAMPONO, M.Si.",84660,5
Maluku,MALUKU,"JOSEPH SIKTEUBUN, S.Sos.",70776,6
Maluku,MALUKU,"FRANGKOIS KLEMENS ORNO, S.I.P.",66880,7
Maluku,MALUKU,"SITTI AMINA AMAHORU, S.S., M.I.Kom.",63852,8
Maluku,MALUKU,"Ir. MELKIAS L. FRANS, M.Si.",56151,9
Maluku,MALUKU,"ALI ROHO TALAOHU, S.I.P., M.I.Pol.",53283,10
Maluku,MALUKU,H. M. YASIN WELSON LAJAHA,50254,11
Maluku,MALUKU,"Ir. HASANUDDIN RUMRA, M.Si.",33923,12
Maluku,MALUKU,"ABUKASIM SANGADJI, S.Sos., M.Si.",32628,13
Maluku,MALUKU,"SAMSON YASIR ALKATIRI, S.Pi., M.Si.",19917,14
Maluku Utara,MALUKU UTARA,"Dr. R. GRAAL TALIAWO, S.Sos., M.Si.",103783,1
Maluku Utara,MALUKU UTARA,"HIDAYAT M. SJAH, S.I.P., M.A.P.",95030,2
Maluku Utara,MALUKU UTARA,"Ir. NAMTO ROBA, S.H.",75689,3
Maluku Utara,MALUKU UTARA,"HASBY YUSUF, S.E.",73980,4
Maluku Utara,MALUKU UTARA,"NATALI DEFITA PASIMANJEKU, BIB",49547,5
Maluku Utara,MALUKU UTARA,MAKMURDIN MUS,49522,6
Maluku Utara,MALUKU UTARA,HELMI UMAR MUCHSIN,46353,7
Maluku Utara,MALUKU UTARA,"IKBAL HI. DJABID, S.E., M.M.",42675,8
Maluku Utara,MALUKU UTARA,ROSIANA SYARIF,36686,9
Maluku Utara,MALUKU UTARA,"SARKA ELADJOUW, S.E.",28636,10
Maluku Utara,MALUKU UTARA,"SAHRIN HAMID, S.H.",24913,11
Maluku Utara,MALUKU UTARA,"Dr. RIVAI UMAR, S.E., M.Si.",19674,12
Maluku Utara,MALUKU UTARA,"SUGENG CAHYONO, S.H., M.Si.",18369,13
Maluku Utara,MALUKU UTARA,"PRIVCO SEBASTIAN BITJOLI, S.H.",13449,14
Maluku Utara,MALUKU UTARA,"Dr. SUDJUD SIRADJUDDIN, S.H., M.H.",10656,15
Maluku Utara,MALUKU UTARA,"SAHRANI SOMADAYO, S.T., M.Si.",9767,16
Maluku Utara,MALUKU UTARA,"SALLU AJAM, S.E.",6544,17
Papua,PAPUA,"CAREL SIMON PETRUS SUEBU, S.E.",115036,1
Papua,PAPUA,"Pdt. DAVID HAROLD WAROMI, SM.Th.",98520,2
Papua,PAPUA,"REGINA MUABUAY, S.Pd.",70564,3
Papua,PAPUA,"LALITA, S.H.",52087,4
Papua,PAPUA,"HENOCK PURARO, S.Sos.",49807,5
Papua,PAPUA,DARUSSALAM DAMIR KS,47990,6
Papua,PAPUA,"H. MADDU MALLU, S.E.",43007,7
Papua,PAPUA,YAKONIAS WABRAR,41832,8
Papua,PAPUA,"H. KUMAR, S.Ag., S.H., M.H.",35460,9
Papua,PAPUA,"MOH EL BAHAR, S.E.",30664,10
Papua,PAPUA,NUR DAVID PERMANA,10064,11
Papua Barat,PAPUA BARAT,"LAMEK DOWANSIBA, A.Md.Par.",57973,1
Papua Barat,PAPUA BARAT,"Dr. FILEP WAMAFMA, S.H., M.Hum.",57482,2
Papua Barat,PAPUA BARAT,"ABDULLAH MANARAY, S.T.",39583,3
Papua Barat,PAPUA BARAT,"YANCE SAMONSABRA, S.H., M.Si.",31178,4
Papua Barat,PAPUA BARAT,"H. SUYANTO, S.H., M.Kn., M.H.",24578,5
Papua Barat,PAPUA BARAT,JEFERSON JEMI LIUNSANDA,21911,6
Papua Barat,PAPUA BARAT,"ADOLOF FONATABA, S.Pt.",20900,7
Papua Barat,PAPUA BARAT,"ZAKARIAS FENETIRUMA, S.Pd.",15296,8
Papua Barat,PAPUA BARAT,"SAMAD RUMALOLAS, S.Sos.",14717,9
Papua Barat,PAPUA BARAT,"RUDOLF ANTHONIUS TONDOK, S.Kom.",11818,10
Papua Barat,PAPUA BARAT,"WILLIAM ABRAHAM RAMAR, S.Pd.",9286,11
Papua Barat,PAPUA BARAT,"ISHAK MANDACAN, S.H.",0,12
Papua Selatan,PAPUA SELATAN,ADIB FUAD,44527,1
Papua Selatan,PAPUA SELATAN,"RUDY TIRTAYANA, S.E.",30711,2
Papua Selatan,PAPUA SELATAN,"FRITS TOBO WAKASU, S.PAK., S.H.",28224,3
Papua Selatan,PAPUA SELATAN,"SULARSO, S.E.",28130,4
Papua Selatan,PAPUA SELATAN,ANTO,26041,5
Papua Selatan,PAPUA SELATAN,"AGUSTA KURUWOP, S.Sos.",18151,6
Papua Selatan,PAPUA SELATAN,FRANSISKUS OHOIWUTUN,18054,7
Papua Selatan,PAPUA SELATAN,"SIMON PETRUS BALAGAISE, A.Md.Par.",17141,8
Papua Selatan,PAPUA SELATAN,"KRISANTO FRANSISKUS X. AGAWEMU, S.P.W.K.",16507,9
Papua Selatan,PAPUA SELATAN,"DAYANA, A.P.Par.",15747,10
Papua Selatan,PAPUA SELATAN,"Pdt. CARLES SIMARE MARE, S.Th., M.Si.",14401,11
Papua Selatan,PAPUA SELATAN,"MERRY GOBAY, S.E.",13189,12
Papua Selatan,PAPUA SELATAN,"URBANUS ALEU KAIZE, S.I.P., M.A.P.",9538,13
Papua Selatan,PAPUA SELATAN,"JANNERS JOKSAN NUSSY, S.H.",5502,14
Papua Selatan,PAPUA SELATAN,"MARSIA LEFTEUW, S.Sos.",4741,15
Papua Selatan,PAPUA SELATAN,LE ROY T. AGAKI,3969,16
Papua Selatan,PAPUA SELATAN,"YACOBUS DUWIRI, S.E., M.Si.",3704,17
Papua Tengah,PAPUA TENGAH,LIS TABUNI,246693,1
Papua Tengah,PAPUA TENGAH,YORRYS RAWEYAI,179828,2
Papua Tengah,PAPUA TENGAH,"EKA KRISTINA YEIMO, S.Pd., M.Si.",146004,3
Papua Tengah,PAPUA TENGAH,WILHELMUS PIGAI,139260,4
Papua Tengah,PAPUA TENGAH,"MICHAEL EDOWAI, S.I.Kom.",76573,5
Papua Tengah,PAPUA TENGAH,"YOSEPHINA PIGAI, S.Sos.",69713,6
Papua Tengah,PAPUA TENGAH,"WHENSLAUS TEBAY, S.HI.",56577,7
Papua Tengah,PAPUA TENGAH,"ARNOLD BENEDIKTUS KAYAME, S.H.",52378,8
Papua Tengah,PAPUA TENGAH,"JHONI UKAGO, S.Ak.",44878,9
Papua Tengah,PAPUA TENGAH,"HAM NAWIPA, S.Sos.",35641,10
Papua Tengah,PAPUA TENGAH,"SHANIA MONINGGA HINDOM, S.H.",34868,11
Papua Tengah,PAPUA TENGAH,"Pdt. RUBEN UAMANG, S.Th., MA.",33114,12
Papua Pegunungan,PAPUA PEGUNUNGAN,"ARIANTO KOGOYA, S.E.",341084,1
Papua Pegunungan,PAPUA PEGUNUNGAN,"NELSON WENDA, S.T.",219751,2
Papua Pegunungan,PAPUA PEGUNUNGAN,"MATIAS HELUKA, S.H., M.H.",200432,3
Papua Pegunungan,PAPUA PEGUNUNGAN,"SOPATER SAM, S.T.",171205,4
Papua Pegunungan,PAPUA PEGUNUNGAN,"EFALINA GULTOM, S.E., M.M.",82161,5
Papua Pegunungan,PAPUA PEGUNUNGAN,"MAITON GURIK, S.I.Kom., M.Sos.",79568,6
Papua Pegunungan,PAPUA PEGUNUNGAN,DESMON D. WANIMBO,67959,7
Papua Pegunungan,PAPUA PEGUNUNGAN,YAN PITERSON PAITON WONDA,50754,8
Papua Pegunungan,PAPUA PEGUNUNGAN,"DEMIUS SUB, S.E.",38402,9
Papua Pegunungan,PAPUA PEGUNUNGAN,"Drs. PAULUS YOHANES SUMINO, M.M.",30320,10
Papua Pegunungan,PAPUA PEGUNUNGAN,"TEPINUS WAROMAN, S. Pd.K.",23454,11
