province,party_code,party_name,provincial_seats,kabkot_seats,kabkot_to_provincial_ratio,ratio_defined
Aceh,PKB,Partai Kebangkitan Bangsa,9,53,5.888889,true
Aceh,Gerindra,Partai Gerakan Indonesia Raya,5,59,11.800000,true
Aceh,PDIP,Partai Demokrasi Indonesia Perjuangan,1,8,8.000000,true
Aceh,Golkar,Partai Golongan Karya,9,89,9.888889,true
Aceh,NasDem,Partai NasDem,10,69,6.900000,true
Aceh,Buruh,Partai Buruh,0,0,,false
Aceh,Gelora,Partai Gelombang Rakyat Indonesia,0,3,,false
Aceh,PKS,Partai Keadilan Sejahtera,4,48,12.000000,true
Aceh,PKN,Partai Kebangkitan Nusantara,0,0,,false
Aceh,Hanura,Partai Hati Nurani Rakyat,0,21,,false
Aceh,Garuda,Partai Garda Republik Indonesia,0,1,,false
Aceh,PAN,Partai Amanat Nasional,5,57,11.400000,true
Aceh,PBB,Partai Bulan Bintang,0,7,,false
Aceh,Demokrat,Partai Demokrat,7,59,8.428571,true
Aceh,PSI,Partai Solidaritas Indonesia,0,0,,false
Aceh,Perindo,Partai Perindo,0,0,,false
Aceh,PPP,Partai Persatuan Pembangunan,5,27,5.400000,true
Aceh,PNA,PNA,1,21,21.000000,true
Aceh,Gabthat,Gabthat,0,0,,false
Aceh,PDA,PDA,1,7,7.000000,true
Aceh,PA,PA,20,116,5.800000,true
Aceh,PASA,PASA,4,16,4.000000,true
Aceh,SIRA,SIRA,0,3,,false
Aceh,Ummat,Partai Ummat,0,1,,false
Sumatera Utara,PKB,Partai Kebangkitan Bangsa,4,58,14.500000,true
Sumatera Utara,Gerindra,Partai Gerakan Indonesia Raya,13,133,10.230769,true
Sumatera Utara,PDIP,Partai Demokrasi Indonesia Perjuangan,21,182,8.666667,true
Sumatera Utara,Golkar,Partai Golongan Karya,22,207,9.409091,true
Sumatera Utara,NasDem,Partai NasDem,12,140,11.666667,true
Sumatera Utara,Buruh,Partai Buruh,0,0,,false
Sumatera Utara,Gelora,Partai Gelombang Rakyat Indonesia,0,5,,false
Sumatera Utara,PKS,Partai Keadilan Sejahtera,10,56,5.600000,true
Sumatera Utara,PKN,Partai Kebangkitan Nusantara,0,4,,false
Sumatera Utara,Hanura,Partai Hati Nurani Rakyat,5,65,13.000000,true
Sumatera Utara,Garuda,Partai Garda Republik Indonesia,0,1,,false
Sumatera Utara,PAN,Partai Amanat Nasional,6,84,14.000000,true
Sumatera Utara,PBB,Partai Bulan Bintang,0,14,,false
Sumatera Utara,Demokrat,Partai Demokrat,5,94,18.800000,true
Sumatera Utara,PSI,Partai Solidaritas Indonesia,0,10,,false
Sumatera Utara,Perindo,Partai Perindo,1,43,43.000000,true
Sumatera Utara,PPP,Partai Persatuan Pembangunan,1,29,29.000000,true
Sumatera Utara,PNA,PNA,0,0,,false
Sumatera Utara,Gabthat,Gabthat,0,0,,false
Sumatera Utara,PDA,PDA,0,0,,false
Sumatera Utara,PA,PA,0,0,,false
Sumatera Utara,PASA,PASA,0,0,,false
Sumatera Utara,SIRA,SIRA,0,0,,false
Sumatera Utara,Ummat,Partai Ummat,0,0,,false
Sumatera Barat,PKB,Partai Kebangkitan Bangsa,3,48,16.000000,true
Sumatera Barat,Gerindra,Partai Gerakan Indonesia Raya,10,67,6.700000,true
Sumatera Barat,PDIP,Partai Demokrasi Indonesia Perjuangan,3,26,8.666667,true
Sumatera Barat,Golkar,Partai Golongan Karya,9,82,9.111111,true
Sumatera Barat,NasDem,Partai NasDem,9,77,8.555556,true
Sumatera Barat,Buruh,Partai Buruh,0,0,,false
Sumatera Barat,Gelora,Partai Gelombang Rakyat Indonesia,0,0,,false
Sumatera Barat,PKS,Partai Keadilan Sejahtera,10,73,7.300000,true
Sumatera Barat,PKN,Partai Kebangkitan Nusantara,0,0,,false
Sumatera Barat,Hanura,Partai Hati Nurani Rakyat,0,12,,false
Sumatera Barat,Garuda,Partai Garda Republik Indonesia,0,0,,false
Sumatera Barat,PAN,Partai Amanat Nasional,8,72,9.000000,true
Sumatera Barat,PBB,Partai Bulan Bintang,0,9,,false
Sumatera Barat,Demokrat,Partai Demokrat,8,68,8.500000,true
Sumatera Barat,PSI,Partai Solidaritas Indonesia,0,1,,false
Sumatera Barat,Perindo,Partai Perindo,0,4,,false
Sumatera Barat,PPP,Partai Persatuan Pembangunan,5,47,9.400000,true
Sumatera Barat,PNA,PNA,0,0,,false
Sumatera Barat,Gabthat,Gabthat,0,0,,false
Sumatera Barat,PDA,PDA,0,0,,false
Sumatera Barat,PA,PA,0,0,,false
Sumatera Barat,PASA,PASA,0,0,,false
Sumatera Barat,SIRA,SIRA,0,0,,false
Sumatera Barat,Ummat,Partai Ummat,0,4,,false
Riau,PKB,Partai Kebangkitan Bangsa,6,47,7.833333,true
Riau,Gerindra,Partai Gerakan Indonesia Raya,8,62,7.750000,true
Riau,PDIP,Partai Demokrasi Indonesia Perjuangan,11,75,6.818182,true
Riau,Golkar,Partai Golongan Karya,10,69,6.900000,true
Riau,NasDem,Partai NasDem,6,55,9.166667,true
Riau,Buruh,Partai Buruh,0,0,,false
Riau,Gelora,Partai Gelombang Rakyat Indonesia,0,0,,false
Riau,PKS,Partai Keadilan Sejahtera,10,46,4.600000,true
Riau,PKN,Partai Kebangkitan Nusantara,0,0,,false
Riau,Hanura,Partai Hati Nurani Rakyat,0,8,,false
Riau,Garuda,Partai Garda Republik Indonesia,0,0,,false
Riau,PAN,Partai Amanat Nasional,5,45,9.000000,true
Riau,PBB,Partai Bulan Bintang,0,2,,false
Riau,Demokrat,Partai Demokrat,8,54,6.750000,true
Riau,PSI,Partai Solidaritas Indonesia,0,4,,false
Riau,Perindo,Partai Perindo,0,9,,false
Riau,PPP,Partai Persatuan Pembangunan,1,18,18.000000,true
Riau,PNA,PNA,0,0,,false
Riau,Gabthat,Gabthat,0,0,,false
Riau,PDA,PDA,0,0,,false
Riau,PA,PA,0,0,,false
Riau,PASA,PASA,0,0,,false
Riau,SIRA,SIRA,0,0,,false
Riau,Ummat,Partai Ummat,0,1,,false
Kepulauan Riau,PKB,Partai Kebangkitan Bangsa,2,12,6.000000,true
Kepulauan Riau,Gerindra,Partai Gerakan Indonesia Raya,9,23,2.555556,true
Kepulauan Riau,PDIP,Partai Demokrasi Indonesia Perjuangan,4,26,6.500000,true
Kepulauan Riau,Golkar,Partai Golongan Karya,9,32,3.555556,true
Kepulauan Riau,NasDem,Partai NasDem,7,36,5.142857,true
Kepulauan Riau,Buruh,Partai Buruh,0,0,,false
Kepulauan Riau,Gelora,Partai Gelombang Rakyat Indonesia,0,0,,false
Kepulauan Riau,PKS,Partai Keadilan Sejahtera,6,18,3.000000,true
Kepulauan Riau,PKN,Partai Kebangkitan Nusantara,0,1,,false
Kepulauan Riau,Hanura,Partai Hati Nurani Rakyat,1,9,9.000000,true
Kepulauan Riau,Garuda,Partai Garda Republik Indonesia,0,0,,false
Kepulauan Riau,PAN,Partai Amanat Nasional,2,11,5.500000,true
Kepulauan Riau,PBB,Partai Bulan Bintang,0,2,,false
Kepulauan Riau,Demokrat,Partai Demokrat,3,19,6.333333,true
Kepulauan Riau,PSI,Partai Solidaritas Indonesia,1,1,1.000000,true
Kepulauan Riau,Perindo,Partai Perindo,1,3,3.000000,true
Kepulauan Riau,PPP,Partai Persatuan Pembangunan,0,7,,false
Kepulauan Riau,PNA,PNA,0,0,,false
Kepulauan Riau,Gabthat,Gabthat,0,0,,false
Kepulauan Riau,PDA,PDA,0,0,,false
Kepulauan Riau,PA,PA,0,0,,false
Kepulauan Riau,PASA,PASA,0,0,,false
Kepulauan Riau,SIRA,SIRA,0,0,,false
Kepulauan Riau,Ummat,Partai Ummat,0,0,,false
Jambi,PKB,Partai Kebangkitan Bangsa,6,34,5.666667,true
Jambi,Gerindra,Partai Gerakan Indonesia Raya,6,41,6.833333,true
Jambi,PDIP,Partai Demokrasi Indonesia Perjuangan,6,40,6.666667,true
Jambi,Golkar,Partai Golongan Karya,7,52,7.428571,true
Jambi,NasDem,Partai NasDem,5,44,8.800000,true
Jambi,Buruh,Partai Buruh,0,0,,false
Jambi,Gelora,Partai Gelombang Rakyat Indonesia,0,0,,false
Jambi,PKS,Partai Keadilan Sejahtera,5,27,5.400000,true
Jambi,PKN,Partai Kebangkitan Nusantara,0,3,,false
Jambi,Hanura,Partai Hati Nurani Rakyat,0,4,,false
Jambi,Garuda,Partai Garda Republik Indonesia,0,0,,false
Jambi,PAN,Partai Amanat Nasional,10,57,5.700000,true
Jambi,PBB,Partai Bulan Bintang,0,1,,false
Jambi,Demokrat,Partai Demokrat,5,32,6.400000,true
Jambi,PSI,Partai Solidaritas Indonesia,0,0,,false
Jambi,Perindo,Partai Perindo,0,8,,false
Jambi,PPP,Partai Persatuan Pembangunan,5,32,6.400000,true
Jambi,PNA,PNA,0,0,,false
Jambi,Gabthat,Gabthat,0,0,,false
Jambi,PDA,PDA,0,0,,false
Jambi,PA,PA,0,0,,false
Jambi,PASA,PASA,0,0,,false
Jambi,SIRA,SIRA,0,0,,false
Jambi,Ummat,Partai Ummat,0,0,,false
Sumatera Selatan,PKB,Partai Kebangkitan Bangsa,7,62,8.857143,true
Sumatera Selatan,Gerindra,Partai Gerakan Indonesia Raya,11,92,8.363636,true
Sumatera Selatan,PDIP,Partai Demokrasi Indonesia Perjuangan,9,83,9.222222,true
Sumatera Selatan,Golkar,Partai Golongan Karya,12,85,7.083333,true
Sumatera Selatan,NasDem,Partai NasDem,10,69,6.900000,true
Sumatera Selatan,Buruh,Partai Buruh,0,0,,false
Sumatera Selatan,Gelora,Partai Gelombang Rakyat Indonesia,0,0,,false
Sumatera Selatan,PKS,Partai Keadilan Sejahtera,7,46,6.571429,true
Sumatera Selatan,PKN,Partai Kebangkitan Nusantara,1,5,5.000000,true
Sumatera Selatan,Hanura,Partai Hati Nurani Rakyat,1,25,25.000000,true
Sumatera Selatan,Garuda,Partai Garda Republik Indonesia,0,1,,false
Sumatera Selatan,PAN,Partai Amanat Nasional,6,71,11.833333,true
Sumatera Selatan,PBB,Partai Bulan Bintang,0,8,,false
Sumatera Selatan,Demokrat,Partai Demokrat,8,67,8.375000,true
Sumatera Selatan,PSI,Partai Solidaritas Indonesia,0,0,,false
Sumatera Selatan,Perindo,Partai Perindo,1,7,7.000000,true
Sumatera Selatan,PPP,Partai Persatuan Pembangunan,2,24,12.000000,true
Sumatera Selatan,PNA,PNA,0,0,,false
Sumatera Selatan,Gabthat,Gabthat,0,0,,false
Sumatera Selatan,PDA,PDA,0,0,,false
Sumatera Selatan,PA,PA,0,0,,false
Sumatera Selatan,PASA,PASA,0,0,,false
Sumatera Selatan,SIRA,SIRA,0,0,,false
Sumatera Selatan,Ummat,Partai Ummat,0,0,,false
Kepulauan Bangka Belitung,PKB,Partai Kebangkitan Bangsa,2,15,7.500000,true
Kepulauan Bangka Belitung,Gerindra,Partai Gerakan Indonesia Raya,7,27,3.857143,true
Kepulauan Bangka Belitung,PDIP,Partai Demokrasi Indonesia Perjuangan,9,41,4.555556,true
Kepulauan Bangka Belitung,Golkar,Partai Golongan Karya,8,26,3.250000,true
Kepulauan Bangka Belitung,NasDem,Partai NasDem,6,24,4.000000,true
Kepulauan Bangka Belitung,Buruh,Partai Buruh,0,0,,false
Kepulauan Bangka Belitung,Gelora,Partai Gelombang Rakyat Indonesia,0,0,,false
Kepulauan Bangka Belitung,PKS,Partai Keadilan Sejahtera,6,16,2.666667,true
Kepulauan Bangka Belitung,PKN,Partai Kebangkitan Nusantara,0,0,,false
Kepulauan Bangka Belitung,Hanura,Partai Hati Nurani Rakyat,0,6,,false
Kepulauan Bangka Belitung,Garuda,Partai Garda Republik Indonesia,0,0,,false
Kepulauan Bangka Belitung,PAN,Partai Amanat Nasional,0,7,,false
Kepulauan Bangka Belitung,PBB,Partai Bulan Bintang,1,8,8.000000,true
Kepulauan Bangka Belitung,Demokrat,Partai Demokrat,3,18,6.000000,true
Kepulauan Bangka Belitung,PSI,Partai Solidaritas Indonesia,0,2,,false
Kepulauan Bangka Belitung,Perindo,Partai Perindo,0,4,,false
Kepulauan Bangka Belitung,PPP,Partai Persatuan Pembangunan,3,11,3.666667,true
Kepulauan Bangka Belitung,PNA,PNA,0,0,,false
Kepulauan Bangka Belitung,Gabthat,Gabthat,0,0,,false
Kepulauan Bangka Belitung,PDA,PDA,0,0,,false
Kepulauan Bangka Belitung,PA,PA,0,0,,false
Kepulauan Bangka Belitung,PASA,PASA,0,0,,false
Kepulauan Bangka Belitung,SIRA,SIRA,0,0,,false
Kepulauan Bangka Belitung,Ummat,Partai Ummat,0,0,,false
Bengkulu,PKB,Partai Kebangkitan Bangsa,3,19,6.333333,true
Bengkulu,Gerindra,Partai Gerakan Indonesia Raya,6,32,5.333333,true
Bengkulu,PDIP,Partai Demokrasi Indonesia Perjuangan,6,29,4.833333,true
Bengkulu,Golkar,Partai Golongan Karya,10,39,3.900000,true
Bengkulu,NasDem,Partai NasDem,4,33,8.250000,true
Bengkulu,Buruh,Partai Buruh,0,0,,false
Bengkulu,Gelora,Partai Gelombang Rakyat Indonesia,0,2,,false
Bengkulu,PKS,Partai Keadilan Sejahtera,2,17,8.500000,true
Bengkulu,PKN,Partai Kebangkitan Nusantara,0,0,,false
Bengkulu,Hanura,Partai Hati Nurani Rakyat,3,11,3.666667,true
Bengkulu,Garuda,Partai Garda Republik Indonesia,0,0,,false
Bengkulu,PAN,Partai Amanat Nasional,6,35,5.833333,true
Bengkulu,PBB,Partai Bulan Bintang,0,4,,false
Bengkulu,Demokrat,Partai Demokrat,4,17,4.250000,true
Bengkulu,PSI,Partai Solidaritas Indonesia,0,0,,false
Bengkulu,Perindo,Partai Perindo,0,21,,false
Bengkulu,PPP,Partai Persatuan Pembangunan,1,16,16.000000,true
Bengkulu,PNA,PNA,0,0,,false
Bengkulu,Gabthat,Gabthat,0,0,,false
Bengkulu,PDA,PDA,0,0,,false
Bengkulu,PA,PA,0,0,,false
Bengkulu,PASA,PASA,0,0,,false
Bengkulu,SIRA,SIRA,0,0,,false
Bengkulu,Ummat,Partai Ummat,0,0,,false
Lampung,PKB,Partai Kebangkitan Bangsa,11,78,7.090909,true
Lampung,Gerindra,Partai Gerakan Indonesia Raya,16,91,5.687500,true
Lampung,PDIP,Partai Demokrasi Indonesia Perjuangan,13,98,7.538462,true
Lampung,Golkar,Partai Golongan Karya,11,83,7.545455,true
Lampung,NasDem,Partai NasDem,10,71,7.100000,true
Lampung,Buruh,Partai Buruh,0,1,,false
Lampung,Gelora,Partai Gelombang Rakyat Indonesia,0,0,,false
Lampung,PKS,Partai Keadilan Sejahtera,7,47,6.714286,true
Lampung,PKN,Partai Kebangkitan Nusantara,0,0,,false
Lampung,Hanura,Partai Hati Nurani Rakyat,0,2,,false
Lampung,Garuda,Partai Garda Republik Indonesia,0,0,,false
Lampung,PAN,Partai Amanat Nasional,8,52,6.500000,true
Lampung,PBB,Partai Bulan Bintang,0,0,,false
Lampung,Demokrat,Partai Demokrat,9,61,6.777778,true
Lampung,PSI,Partai Solidaritas Indonesia,0,0,,false
Lampung,Perindo,Partai Perindo,0,3,,false
Lampung,PPP,Partai Persatuan Pembangunan,0,13,,false
Lampung,PNA,PNA,0,0,,false
Lampung,Gabthat,Gabthat,0,0,,false
Lampung,PDA,PDA,0,0,,false
Lampung,PA,PA,0,0,,false
Lampung,PASA,PASA,0,0,,false
Lampung,SIRA,SIRA,0,0,,false
Lampung,Ummat,Partai Ummat,0,0,,false
DKI Jakarta,PKB,Partai Kebangkitan Bangsa,10,0,0.000000,true
DKI Jakarta,Gerindra,Partai Gerakan Indonesia Raya,14,0,0.000000,true
DKI Jakarta,PDIP,Partai Demokrasi Indonesia Perjuangan,15,0,0.000000,true
DKI Jakarta,Golkar,Partai Golongan Karya,10,0,0.000000,true
DKI Jakarta,NasDem,Partai NasDem,11,0,0.000000,true
DKI Jakarta,Buruh,Partai Buruh,0,0,,false
DKI Jakarta,Gelora,Partai Gelombang Rakyat Indonesia,0,0,,false
DKI Jakarta,PKS,Partai Keadilan Sejahtera,18,0,0.000000,true
DKI Jakarta,PKN,Partai Kebangkitan Nusantara,0,0,,false
DKI Jakarta,Hanura,Partai Hati Nurani Rakyat,0,0,,false
DKI Jakarta,Garuda,Partai Garda Republik Indonesia,0,0,,false
DKI Jakarta,PAN,Partai Amanat Nasional,10,0,0.000000,true
DKI Jakarta,PBB,Partai Bulan Bintang,0,0,,false
DKI Jakarta,Demokrat,Partai Demokrat,8,0,0.000000,true
DKI Jakarta,PSI,Partai Solidaritas Indonesia,8,0,0.000000,true
DKI Jakarta,Perindo,Partai Perindo,1,0,0.000000,true
DKI Jakarta,PPP,Partai Persatuan Pembangunan,1,0,0.000000,true
DKI Jakarta,PNA,PNA,0,0,,false
DKI Jakarta,Gabthat,Gabthat,0,0,,false
DKI Jakarta,PDA,PDA,0,0,,false
DKI Jakarta,PA,PA,0,0,,false
DKI Jakarta,PASA,PASA,0,0,,false
DKI Jakarta,SIRA,SIRA,0,0,,false
DKI Jakarta,Ummat,Partai Ummat,0,0,,false
Jawa Barat,PKB,Partai Kebangkitan Bangsa,15,162,10.800000,true
Jawa Barat,Gerindra,Partai Gerakan Indonesia Raya,20,187,9.350000,true
Jawa Barat,PDIP,Partai Demokrasi Indonesia Perjuangan,17,200,11.764706,true
Jawa Barat,Golkar,Partai Golongan Karya,19,207,10.894737,true
Jawa Barat,NasDem,Partai NasDem,8,88,11.000000,true
Jawa Barat,Buruh,Partai Buruh,0,2,,false
Jawa Barat,Gelora,Partai Gelombang Rakyat Indonesia,0,0,,false
Jawa Barat,PKS,Partai Keadilan Sejahtera,19,180,9.473684,true
Jawa Barat,PKN,Partai Kebangkitan Nusantara,0,0,,false
Jawa Barat,Hanura,Partai Hati Nurani Rakyat,0,6,,false
Jawa Barat,Garuda,Partai Garda Republik Indonesia,0,0,,false
Jawa Barat,PAN,Partai Amanat Nasional,7,82,11.714286,true
Jawa Barat,PBB,Partai Bulan Bintang,0,3,,false
Jawa Barat,Demokrat,Partai Demokrat,8,97,12.125000,true
Jawa Barat,PSI,Partai Solidaritas Indonesia,1,8,8.000000,true
Jawa Barat,Perindo,Partai Perindo,0,1,,false
Jawa Barat,PPP,Partai Persatuan Pembangunan,6,72,12.000000,true
Jawa Barat,PNA,PNA,0,0,,false
Jawa Barat,Gabthat,Gabthat,0,0,,false
Jawa Barat,PDA,PDA,0,0,,false
Jawa Barat,PA,PA,0,0,,false
Jawa Barat,PASA,PASA,0,0,,false
Jawa Barat,SIRA,SIRA,0,0,,false
Jawa Barat,Ummat,Partai Ummat,0,0,,false
Jawa Tengah,PKB,Partai Kebangkitan Bangsa,20,265,13.250000,true
Jawa Tengah,Gerindra,Partai Gerakan Indonesia Raya,17,193,11.352941,true
Jawa Tengah,PDIP,Partai Demokrasi Indonesia Perjuangan,33,444,13.454545,true
Jawa Tengah,Golkar,Partai Golongan Karya,17,194,11.411765,true
Jawa Tengah,NasDem,Partai NasDem,3,75,25.000000,true
Jawa Tengah,Buruh,Partai Buruh,0,0,,false
Jawa Tengah,Gelora,Partai Gelombang Rakyat Indonesia,0,1,,false
Jawa Tengah,PKS,Partai Keadilan Sejahtera,11,138,12.545455,true
Jawa Tengah,PKN,Partai Kebangkitan Nusantara,0,0,,false
Jawa Tengah,Hanura,Partai Hati Nurani Rakyat,0,22,,false
Jawa Tengah,Garuda,Partai Garda Republik Indonesia,0,0,,false
Jawa Tengah,PAN,Partai Amanat Nasional,4,68,17.000000,true
Jawa Tengah,PBB,Partai Bulan Bintang,0,0,,false
Jawa Tengah,Demokrat,Partai Demokrat,7,89,12.714286,true
Jawa Tengah,PSI,Partai Solidaritas Indonesia,2,10,5.000000,true
Jawa Tengah,Perindo,Partai Perindo,0,3,,false
Jawa Tengah,PPP,Partai Persatuan Pembangunan,6,108,18.000000,true
Jawa Tengah,PNA,PNA,0,0,,false
Jawa Tengah,Gabthat,Gabthat,0,0,,false
Jawa Tengah,PDA,PDA,0,0,,false
Jawa Tengah,PA,PA,0,0,,false
Jawa Tengah,PASA,PASA,0,0,,false
Jawa Tengah,SIRA,SIRA,0,0,,false
Jawa Tengah,Ummat,Partai Ummat,0,0,,false
Daerah Istimewa Yogyakarta,PKB,Partai Kebangkitan Bangsa,6,27,4.500000,true
Daerah Istimewa Yogyakarta,Gerindra,Partai Gerakan Indonesia Raya,8,28,3.500000,true
Daerah Istimewa Yogyakarta,PDIP,Partai Demokrasi Indonesia Perjuangan,19,57,3.000000,true
Daerah Istimewa Yogyakarta,Golkar,Partai Golongan Karya,6,28,4.666667,true
Daerah Istimewa Yogyakarta,NasDem,Partai NasDem,2,16,8.000000,true
Daerah Istimewa Yogyakarta,Buruh,Partai Buruh,0,0,,false
Daerah Istimewa Yogyakarta,Gelora,Partai Gelombang Rakyat Indonesia,0,0,,false
Daerah Istimewa Yogyakarta,PKS,Partai Keadilan Sejahtera,7,27,3.857143,true
Daerah Istimewa Yogyakarta,PKN,Partai Kebangkitan Nusantara,0,0,,false
Daerah Istimewa Yogyakarta,Hanura,Partai Hati Nurani Rakyat,0,0,,false
Daerah Istimewa Yogyakarta,Garuda,Partai Garda Republik Indonesia,0,0,,false
Daerah Istimewa Yogyakarta,PAN,Partai Amanat Nasional,5,20,4.000000,true
Daerah Istimewa Yogyakarta,PBB,Partai Bulan Bintang,0,0,,false
Daerah Istimewa Yogyakarta,Demokrat,Partai Demokrat,0,5,,false
Daerah Istimewa Yogyakarta,PSI,Partai Solidaritas Indonesia,1,0,0.000000,true
Daerah Istimewa Yogyakarta,Perindo,Partai Perindo,0,0,,false
Daerah Istimewa Yogyakarta,PPP,Partai Persatuan Pembangunan,1,11,11.000000,true
Daerah Istimewa Yogyakarta,PNA,PNA,0,0,,false
Daerah Istimewa Yogyakarta,Gabthat,Gabthat,0,0,,false
Daerah Istimewa Yogyakarta,PDA,PDA,0,0,,false
Daerah Istimewa Yogyakarta,PA,PA,0,0,,false
Daerah Istimewa Yogyakarta,PASA,PASA,0,0,,false
Daerah Istimewa Yogyakarta,SIRA,SIRA,0,0,,false
Daerah Istimewa Yogyakarta,Ummat,Partai Ummat,0,1,,false
Jawa Timur,PKB,Partai Kebangkitan Bangsa,27,337,12.481481,true
Jawa Timur,Gerindra,Partai Gerakan Indonesia Raya,21,218,10.380952,true
Jawa Timur,PDIP,Partai Demokrasi Indonesia Perjuangan,21,307,14.619048,true
Jawa Timur,Golkar,Partai Golongan Karya,15,215,14.333333,true
Jawa Timur,NasDem,Partai NasDem,10,134,13.400000,true
Jawa Timur,Buruh,Partai Buruh,0,0,,false
Jawa Timur,Gelora,Partai Gelombang Rakyat Indonesia,0,5,,false
Jawa Timur,PKS,Partai Keadilan Sejahtera,5,103,20.600000,true
Jawa Timur,PKN,Partai Kebangkitan Nusantara,0,0,,false
Jawa Timur,Hanura,Partai Hati Nurani Rakyat,0,27,,false
Jawa Timur,Garuda,Partai Garda Republik Indonesia,0,0,,false
Jawa Timur,PAN,Partai Amanat Nasional,5,74,14.800000,true
Jawa Timur,PBB,Partai Bulan Bintang,0,11,,false
Jawa Timur,Demokrat,Partai Demokrat,11,144,13.090909,true
Jawa Timur,PSI,Partai Solidaritas Indonesia,1,11,11.000000,true
Jawa Timur,Perindo,Partai Perindo,0,7,,false
Jawa Timur,PPP,Partai Persatuan Pembangunan,4,101,25.250000,true
Jawa Timur,PNA,PNA,0,0,,false
Jawa Timur,Gabthat,Gabthat,0,0,,false
Jawa Timur,PDA,PDA,0,0,,false
Jawa Timur,PA,PA,0,0,,false
Jawa Timur,PASA,PASA,0,0,,false
Jawa Timur,SIRA,SIRA,0,0,,false
Jawa Timur,Ummat,Partai Ummat,0,1,,false
Banten,PKB,Partai Kebangkitan Bangsa,10,39,3.900000,true
Banten,Gerindra,Partai Gerakan Indonesia Raya,14,50,3.571429,true
Banten,PDIP,Partai Demokrasi Indonesia Perjuangan,14,46,3.285714,true
Banten,Golkar,Partai Golongan Karya,14,67,4.785714,true
Banten,NasDem,Partai NasDem,10,40,4.000000,true
Banten,Buruh,Partai Buruh,0,0,,false
Banten,Gelora,Partai Gelombang Rakyat Indonesia,0,1,,false
Banten,PKS,Partai Keadilan Sejahtera,13,48,3.692308,true
Banten,PKN,Partai Kebangkitan Nusantara,0,0,,false
Banten,Hanura,Partai Hati Nurani Rakyat,0,0,,false
Banten,Garuda,Partai Garda Republik Indonesia,0,0,,false
Banten,PAN,Partai Amanat Nasional,7,23,3.285714,true
Banten,PBB,Partai Bulan Bintang,0,0,,false
Banten,Demokrat,Partai Demokrat,11,39,3.545455,true
Banten,PSI,Partai Solidaritas Indonesia,3,8,2.666667,true
Banten,Perindo,Partai Perindo,0,1,,false
Banten,PPP,Partai Persatuan Pembangunan,4,28,7.000000,true
Banten,PNA,PNA,0,0,,false
Banten,Gabthat,Gabthat,0,0,,false
Banten,PDA,PDA,0,0,,false
Banten,PA,PA,0,0,,false
Banten,PASA,PASA,0,0,,false
Banten,SIRA,SIRA,0,0,,false
Banten,Ummat,Partai Ummat,0,0,,false
Bali,PKB,Partai Kebangkitan Bangsa,0,3,,false
Bali,Gerindra,Partai Gerakan Indonesia Raya,10,47,4.700000,true
Bali,PDIP,Partai Demokrasi Indonesia Perjuangan,32,191,5.968750,true
Bali,Golkar,Partai Golongan Karya,7,60,8.571429,true
Bali,NasDem,Partai NasDem,2,17,8.500000,true
Bali,Buruh,Partai Buruh,0,0,,false
Bali,Gelora,Partai Gelombang Rakyat Indonesia,0,1,,false
Bali,PKS,Partai Keadilan Sejahtera,0,0,,false
Bali,PKN,Partai Kebangkitan Nusantara,0,0,,false
Bali,Hanura,Partai Hati Nurani Rakyat,0,6,,false
Bali,Garuda,Partai Garda Republik Indonesia,0,0,,false
Bali,PAN,Partai Amanat Nasional,0,0,,false
Bali,PBB,Partai Bulan Bintang,0,0,,false
Bali,Demokrat,Partai Demokrat,3,26,8.666667,true
Bali,PSI,Partai Solidaritas Indonesia,1,4,4.000000,true
Bali,Perindo,Partai Perindo,0,3,,false
Bali,PPP,Partai Persatuan Pembangunan,0,2,,false
Bali,PNA,PNA,0,0,,false
Bali,Gabthat,Gabthat,0,0,,false
Bali,PDA,PDA,0,0,,false
Bali,PA,PA,0,0,,false
Bali,PASA,PASA,0,0,,false
Bali,SIRA,SIRA,0,0,,false
Bali,Ummat,Partai Ummat,0,0,,false
Nusa Tenggara Barat,PKB,Partai Kebangkitan Bangsa,6,33,5.500000,true
Nusa Tenggara Barat,Gerindra,Partai Gerakan Indonesia Raya,10,46,4.600000,true
Nusa Tenggara Barat,PDIP,Partai Demokrasi Indonesia Perjuangan,4,27,6.750000,true
Nusa Tenggara Barat,Golkar,Partai Golongan Karya,10,52,5.200000,true
Nusa Tenggara Barat,NasDem,Partai NasDem,4,43,10.750000,true
Nusa Tenggara Barat,Buruh,Partai Buruh,0,0,,false
Nusa Tenggara Barat,Gelora,Partai Gelombang Rakyat Indonesia,0,9,,false
Nusa Tenggara Barat,PKS,Partai Keadilan Sejahtera,8,41,5.125000,true
Nusa Tenggara Barat,PKN,Partai Kebangkitan Nusantara,0,0,,false
Nusa Tenggara Barat,Hanura,Partai Hati Nurani Rakyat,1,9,9.000000,true
Nusa Tenggara Barat,Garuda,Partai Garda Republik Indonesia,0,0,,false
Nusa Tenggara Barat,PAN,Partai Amanat Nasional,4,34,8.500000,true
Nusa Tenggara Barat,PBB,Partai Bulan Bintang,2,10,5.000000,true
Nusa Tenggara Barat,Demokrat,Partai Demokrat,6,34,5.666667,true
Nusa Tenggara Barat,PSI,Partai Solidaritas Indonesia,0,0,,false
Nusa Tenggara Barat,Perindo,Partai Perindo,3,11,3.666667,true
Nusa Tenggara Barat,PPP,Partai Persatuan Pembangunan,7,35,5.000000,true
Nusa Tenggara Barat,PNA,PNA,0,0,,false
Nusa Tenggara Barat,Gabthat,Gabthat,0,0,,false
Nusa Tenggara Barat,PDA,PDA,0,0,,false
Nusa Tenggara Barat,PA,PA,0,0,,false
Nusa Tenggara Barat,PASA,PASA,0,0,,false
Nusa Tenggara Barat,SIRA,SIRA,0,0,,false
Nusa Tenggara Barat,Ummat,Partai Ummat,0,1,,false
Nusa Tenggara Timur,PKB,Partai Kebangkitan Bangsa,7,76,10.857143,true
Nusa Tenggara Timur,Gerindra,Partai Gerakan Indonesia Raya,9,73,8.111111,true
Nusa Tenggara Timur,PDIP,Partai Demokrasi Indonesia Perjuangan,9,82,9.111111,true
Nusa Tenggara Timur,Golkar,Partai Golongan Karya,9,80,8.888889,true
Nusa Tenggara Timur,NasDem,Partai NasDem,8,87,10.875000,true
Nusa Tenggara Timur,Buruh,Partai Buruh,0,0,,false
Nusa Tenggara Timur,Gelora,Partai Gelombang Rakyat Indonesia,0,4,,false
Nusa Tenggara Timur,PKS,Partai Keadilan Sejahtera,1,14,14.000000,true
Nusa Tenggara Timur,PKN,Partai Kebangkitan Nusantara,0,1,,false
Nusa Tenggara Timur,Hanura,Partai Hati Nurani Rakyat,4,45,11.250000,true
Nusa Tenggara Timur,Garuda,Partai Garda Republik Indonesia,0,2,,false
Nusa Tenggara Timur,PAN,Partai Amanat Nasional,4,48,12.000000,true
Nusa Tenggara Timur,PBB,Partai Bulan Bintang,0,3,,false
Nusa Tenggara Timur,Demokrat,Partai Demokrat,7,58,8.285714,true
Nusa Tenggara Timur,PSI,Partai Solidaritas Indonesia,6,28,4.666667,true
Nusa Tenggara Timur,Perindo,Partai Perindo,1,45,45.000000,true
Nusa Tenggara Timur,PPP,Partai Persatuan Pembangunan,0,4,,false
Nusa Tenggara Timur,PNA,PNA,0,0,,false
Nusa Tenggara Timur,Gabthat,Gabthat,0,0,,false
Nusa Tenggara Timur,PDA,PDA,0,0,,false
Nusa Tenggara Timur,PA,PA,0,0,,false
Nusa Tenggara Timur,PASA,PASA,0,0,,false
Nusa Tenggara Timur,SIRA,SIRA,0,0,,false
Nusa Tenggara Timur,Ummat,Partai Ummat,0,0,,false
Kalimantan Barat,PKB,Partai Kebangkitan Bangsa,5,39,7.800000,true
Kalimantan Barat,Gerindra,Partai Gerakan Indonesia Raya,9,67,7.444444,true
Kalimantan Barat,PDIP,Partai Demokrasi Indonesia Perjuangan,13,85,6.538462,true
Kalimantan Barat,Golkar,Partai Golongan Karya,9,68,7.555556,true
Kalimantan Barat,NasDem,Partai NasDem,10,68,6.800000,true
Kalimantan Barat,Buruh,Partai Buruh,0,0,,false
Kalimantan Barat,Gelora,Partai Gelombang Rakyat Indonesia,0,2,,false
Kalimantan Barat,PKS,Partai Keadilan Sejahtera,2,27,13.500000,true
Kalimantan Barat,PKN,Partai Kebangkitan Nusantara,0,0,,false
Kalimantan Barat,Hanura,Partai Hati Nurani Rakyat,4,29,7.250000,true
Kalimantan Barat,Garuda,Partai Garda Republik Indonesia,0,0,,false
Kalimantan Barat,PAN,Partai Amanat Nasional,5,47,9.400000,true
Kalimantan Barat,PBB,Partai Bulan Bintang,0,0,,false
Kalimantan Barat,Demokrat,Partai Demokrat,6,51,8.500000,true
Kalimantan Barat,PSI,Partai Solidaritas Indonesia,0,3,,false
Kalimantan Barat,Perindo,Partai Perindo,0,8,,false
Kalimantan Barat,PPP,Partai Persatuan Pembangunan,2,16,8.000000,true
Kalimantan Barat,PNA,PNA,0,0,,false
Kalimantan Barat,Gabthat,Gabthat,0,0,,false
Kalimantan Barat,PDA,PDA,0,0,,false
Kalimantan Barat,PA,PA,0,0,,false
Kalimantan Barat,PASA,PASA,0,0,,false
Kalimantan Barat,SIRA,SIRA,0,0,,false
Kalimantan Barat,Ummat,Partai Ummat,0,0,,false
Kalimantan Tengah,PKB,Partai Kebangkitan Bangsa,4,37,9.250000,true
Kalimantan Tengah,Gerindra,Partai Gerakan Indonesia Raya,6,48,8.000000,true
Kalimantan Tengah,PDIP,Partai Demokrasi Indonesia Perjuangan,10,80,8.000000,true
Kalimantan Tengah,Golkar,Partai Golongan Karya,8,66,8.250000,true
Kalimantan Tengah,NasDem,Partai NasDem,5,36,7.200000,true
Kalimantan Tengah,Buruh,Partai Buruh,0,0,,false
Kalimantan Tengah,Gelora,Partai Gelombang Rakyat Indonesia,0,0,,false
Kalimantan Tengah,PKS,Partai Keadilan Sejahtera,1,10,10.000000,true
Kalimantan Tengah,PKN,Partai Kebangkitan Nusantara,0,0,,false
Kalimantan Tengah,Hanura,Partai Hati Nurani Rakyat,0,10,,false
Kalimantan Tengah,Garuda,Partai Garda Republik Indonesia,0,0,,false
Kalimantan Tengah,PAN,Partai Amanat Nasional,4,27,6.750000,true
Kalimantan Tengah,PBB,Partai Bulan Bintang,0,1,,false
Kalimantan Tengah,Demokrat,Partai Demokrat,6,34,5.666667,true
Kalimantan Tengah,PSI,Partai Solidaritas Indonesia,0,3,,false
Kalimantan Tengah,Perindo,Partai Perindo,1,16,16.000000,true
Kalimantan Tengah,PPP,Partai Persatuan Pembangunan,0,17,,false
Kalimantan Tengah,PNA,PNA,0,0,,false
Kalimantan Tengah,Gabthat,Gabthat,0,0,,false
Kalimantan Tengah,PDA,PDA,0,0,,false
Kalimantan Tengah,PA,PA,0,0,,false
Kalimantan Tengah,PASA,PASA,0,0,,false
Kalimantan Tengah,SIRA,SIRA,0,0,,false
Kalimantan Tengah,Ummat,Partai Ummat,0,0,,false
Kalimantan Selatan,PKB,Partai Kebangkitan Bangsa,6,44,7.333333,true
Kalimantan Selatan,Gerindra,Partai Gerakan Indonesia Raya,7,58,8.285714,true
Kalimantan Selatan,PDIP,Partai Demokrasi Indonesia Perjuangan,3,46,15.333333,true
Kalimantan Selatan,Golkar,Partai Golongan Karya,13,80,6.153846,true
Kalimantan Selatan,NasDem,Partai NasDem,10,48,4.800000,true
Kalimantan Selatan,Buruh,Partai Buruh,0,0,,false
Kalimantan Selatan,Gelora,Partai Gelombang Rakyat Indonesia,0,2,,false
Kalimantan Selatan,PKS,Partai Keadilan Sejahtera,6,41,6.833333,true
Kalimantan Selatan,PKN,Partai Kebangkitan Nusantara,0,0,,false
Kalimantan Selatan,Hanura,Partai Hati Nurani Rakyat,0,2,,false
Kalimantan Selatan,Garuda,Partai Garda Republik Indonesia,0,0,,false
Kalimantan Selatan,PAN,Partai Amanat Nasional,6,46,7.666667,true
Kalimantan Selatan,PBB,Partai Bulan Bintang,0,3,,false
Kalimantan Selatan,Demokrat,Partai Demokrat,3,28,9.333333,true
Kalimantan Selatan,PSI,Partai Solidaritas Indonesia,0,0,,false
Kalimantan Selatan,Perindo,Partai Perindo,0,0,,false
Kalimantan Selatan,PPP,Partai Persatuan Pembangunan,1,32,32.000000,true
Kalimantan Selatan,PNA,PNA,0,0,,false
Kalimantan Selatan,Gabthat,Gabthat,0,0,,false
Kalimantan Selatan,PDA,PDA,0,0,,false
Kalimantan Selatan,PA,PA,0,0,,false
Kalimantan Selatan,PASA,PASA,0,0,,false
Kalimantan Selatan,SIRA,SIRA,0,0,,false
Kalimantan Selatan,Ummat,Partai Ummat,0,0,,false
Kalimantan Timur,PKB,Partai Kebangkitan Bangsa,6,32,5.333333,true
Kalimantan Timur,Gerindra,Partai Gerakan Indonesia Raya,10,47,4.700000,true
Kalimantan Timur,PDIP,Partai Demokrasi Indonesia Perjuangan,9,47,5.222222,true
Kalimantan Timur,Golkar,Partai Golongan Karya,15,69,4.600000,true
Kalimantan Timur,NasDem,Partai NasDem,3,36,12.000000,true
Kalimantan Timur,Buruh,Partai Buruh,0,0,,false
Kalimantan Timur,Gelora,Partai Gelombang Rakyat Indonesia,0,4,,false
Kalimantan Timur,PKS,Partai Keadilan Sejahtera,4,27,6.750000,true
Kalimantan Timur,PKN,Partai Kebangkitan Nusantara,0,0,,false
Kalimantan Timur,Hanura,Partai Hati Nurani Rakyat,0,8,,false
Kalimantan Timur,Garuda,Partai Garda Republik Indonesia,0,0,,false
Kalimantan Timur,PAN,Partai Amanat Nasional,4,18,4.500000,true
Kalimantan Timur,PBB,Partai Bulan Bintang,0,1,,false
Kalimantan Timur,Demokrat,Partai Demokrat,2,27,13.500000,true
Kalimantan Timur,PSI,Partai Solidaritas Indonesia,0,0,,false
Kalimantan Timur,Perindo,Partai Perindo,0,3,,false
Kalimantan Timur,PPP,Partai Persatuan Pembangunan,2,11,5.500000,true
Kalimantan Timur,PNA,PNA,0,0,,false
Kalimantan Timur,Gabthat,Gabthat,0,0,,false
Kalimantan Timur,PDA,PDA,0,0,,false
Kalimantan Timur,PA,PA,0,0,,false
Kalimantan Timur,PASA,PASA,0,0,,false
Kalimantan Timur,SIRA,SIRA,0,0,,false
Kalimantan Timur,Ummat,Partai Ummat,0,0,,false
Kalimantan Utara,PKB,Partai Kebangkitan Bangsa,2,9,4.500000,true
Kalimantan Utara,Gerindra,Partai Gerakan Indonesia Raya,6,14,2.333333,true
Kalimantan Utara,PDIP,Partai Demokrasi Indonesia Perjuangan,3,13,4.333333,true
Kalimantan Utara,Golkar,Partai Golongan Karya,6,14,2.333333,true
Kalimantan Utara,NasDem,Partai NasDem,2,11,5.500000,true
Kalimantan Utara,Buruh,Partai Buruh,0,0,,false
Kalimantan Utara,Gelora,Partai Gelombang Rakyat Indonesia,0,0,,false
Kalimantan Utara,PKS,Partai Keadilan Sejahtera,4,11,2.750000,true
Kalimantan Utara,PKN,Partai Kebangkitan Nusantara,0,0,,false
Kalimantan Utara,Hanura,Partai Hati Nurani Rakyat,3,15,5.000000,true
Kalimantan Utara,Garuda,Partai Garda Republik Indonesia,0,0,,false
Kalimantan Utara,PAN,Partai Amanat Nasional,2,9,4.500000,true
Kalimantan Utara,PBB,Partai Bulan Bintang,0,1,,false
Kalimantan Utara,Demokrat,Partai Demokrat,6,19,3.166667,true
Kalimantan Utara,PSI,Partai Solidaritas Indonesia,0,2,,false
Kalimantan Utara,Perindo,Partai Perindo,0,1,,false
Kalimantan Utara,PPP,Partai Persatuan Pembangunan,1,6,6.000000,true
Kalimantan Utara,PNA,PNA,0,0,,false
Kalimantan Utara,Gabthat,Gabthat,0,0,,false
Kalimantan Utara,PDA,PDA,0,0,,false
Kalimantan Utara,PA,PA,0,0,,false
Kalimantan Utara,PASA,PASA,0,0,,false
Kalimantan Utara,SIRA,SIRA,0,0,,false
Kalimantan Utara,Ummat,Partai Ummat,0,0,,false
Sulawesi Utara,PKB,Partai Kebangkitan Bangsa,1,17,17.000000,true
Sulawesi Utara,Gerindra,Partai Gerakan Indonesia Raya,4,38,9.500000,true
Sulawesi Utara,PDIP,Partai Demokrasi Indonesia Perjuangan,19,153,8.052632,true
Sulawesi Utara,Golkar,Partai Golongan Karya,6,61,10.166667,true
Sulawesi Utara,NasDem,Partai NasDem,6,46,7.666667,true
Sulawesi Utara,Buruh,Partai Buruh,0,0,,false
Sulawesi Utara,Gelora,Partai Gelombang Rakyat Indonesia,0,0,,false
Sulawesi Utara,PKS,Partai Keadilan Sejahtera,1,6,6.000000,true
Sulawesi Utara,PKN,Partai Kebangkitan Nusantara,0,0,,false
Sulawesi Utara,Hanura,Partai Hati Nurani Rakyat,0,5,,false
Sulawesi Utara,Garuda,Partai Garda Republik Indonesia,0,0,,false
Sulawesi Utara,PAN,Partai Amanat Nasional,0,5,,false
Sulawesi Utara,PBB,Partai Bulan Bintang,0,1,,false
Sulawesi Utara,Demokrat,Partai Demokrat,6,38,6.333333,true
Sulawesi Utara,PSI,Partai Solidaritas Indonesia,1,3,3.000000,true
Sulawesi Utara,Perindo,Partai Perindo,1,19,19.000000,true
Sulawesi Utara,PPP,Partai Persatuan Pembangunan,0,8,,false
Sulawesi Utara,PNA,PNA,0,0,,false
Sulawesi Utara,Gabthat,Gabthat,0,0,,false
Sulawesi Utara,PDA,PDA,0,0,,false
Sulawesi Utara,PA,PA,0,0,,false
Sulawesi Utara,PASA,PASA,0,0,,false
Sulawesi Utara,SIRA,SIRA,0,0,,false
Sulawesi Utara,Ummat,Partai Ummat,0,0,,false
Gorontalo,PKB,Partai Kebangkitan Bangsa,1,6,6.000000,true
Gorontalo,Gerindra,Partai Gerakan Indonesia Raya,6,22,3.666667,true
Gorontalo,PDIP,Partai Demokrasi Indonesia Perjuangan,7,20,2.857143,true
Gorontalo,Golkar,Partai Golongan Karya,8,34,4.250000,true
Gorontalo,NasDem,Partai NasDem,7,30,4.285714,true
Gorontalo,Buruh,Partai Buruh,0,0,,false
Gorontalo,Gelora,Partai Gelombang Rakyat Indonesia,0,2,,false
Gorontalo,PKS,Partai Keadilan Sejahtera,5,9,1.800000,true
Gorontalo,PKN,Partai Kebangkitan Nusantara,0,0,,false
Gorontalo,Hanura,Partai Hati Nurani Rakyat,1,6,6.000000,true
Gorontalo,Garuda,Partai Garda Republik Indonesia,0,0,,false
Gorontalo,PAN,Partai Amanat Nasional,3,10,3.333333,true
Gorontalo,PBB,Partai Bulan Bintang,0,0,,false
Gorontalo,Demokrat,Partai Demokrat,3,11,3.666667,true
Gorontalo,PSI,Partai Solidaritas Indonesia,0,0,,false
Gorontalo,Perindo,Partai Perindo,0,1,,false
Gorontalo,PPP,Partai Persatuan Pembangunan,4,19,4.750000,true
Gorontalo,PNA,PNA,0,0,,false
Gorontalo,Gabthat,Gabthat,0,0,,false
Gorontalo,PDA,PDA,0,0,,false
Gorontalo,PA,PA,0,0,,false
Gorontalo,PASA,PASA,0,0,,false
Gorontalo,SIRA,SIRA,0,0,,false
Gorontalo,Ummat,Partai Ummat,0,0,,false
Sulawesi Tengah,PKB,Partai Kebangkitan Bangsa,5,33,6.600000,true
Sulawesi Tengah,Gerindra,Partai Gerakan Indonesia Raya,7,48,6.857143,true
Sulawesi Tengah,PDIP,Partai Demokrasi Indonesia Perjuangan,7,42,6.000000,true
Sulawesi Tengah,Golkar,Partai Golongan Karya,8,59,7.375000,true
Sulawesi Tengah,NasDem,Partai NasDem,8,55,6.875000,true
Sulawesi Tengah,Buruh,Partai Buruh,0,0,,false
Sulawesi Tengah,Gelora,Partai Gelombang Rakyat Indonesia,0,0,,false
Sulawesi Tengah,PKS,Partai Keadilan Sejahtera,5,25,5.000000,true
Sulawesi Tengah,PKN,Partai Kebangkitan Nusantara,0,0,,false
Sulawesi Tengah,Hanura,Partai Hati Nurani Rakyat,1,17,17.000000,true
Sulawesi Tengah,Garuda,Partai Garda Republik Indonesia,0,0,,false
Sulawesi Tengah,PAN,Partai Amanat Nasional,2,19,9.500000,true
Sulawesi Tengah,PBB,Partai Bulan Bintang,1,12,12.000000,true
Sulawesi Tengah,Demokrat,Partai Demokrat,8,40,5.000000,true
Sulawesi Tengah,PSI,Partai Solidaritas Indonesia,0,2,,false
Sulawesi Tengah,Perindo,Partai Perindo,2,20,10.000000,true
Sulawesi Tengah,PPP,Partai Persatuan Pembangunan,1,8,8.000000,true
Sulawesi Tengah,PNA,PNA,0,0,,false
Sulawesi Tengah,Gabthat,Gabthat,0,0,,false
Sulawesi Tengah,PDA,PDA,0,0,,false
Sulawesi Tengah,PA,PA,0,0,,false
Sulawesi Tengah,PASA,PASA,0,0,,false
Sulawesi Tengah,SIRA,SIRA,0,0,,false
Sulawesi Tengah,Ummat,Partai Ummat,0,0,,false
Sulawesi Selatan,PKB,Partai Kebangkitan Bangsa,8,69,8.625000,true
Sulawesi Selatan,Gerindra,Partai Gerakan Indonesia Raya,13,102,7.846154,true
Sulawesi Selatan,PDIP,Partai Demokrasi Indonesia Perjuangan,6,58,9.666667,true
Sulawesi Selatan,Golkar,Partai Golongan Karya,14,138,9.857143,true
Sulawesi Selatan,NasDem,Partai NasDem,17,142,8.352941,true
Sulawesi Selatan,Buruh,Partai Buruh,0,0,,false
Sulawesi Selatan,Gelora,Partai Gelombang Rakyat Indonesia,0,10,,false
Sulawesi Selatan,PKS,Partai Keadilan Sejahtera,7,58,8.285714,true
Sulawesi Selatan,PKN,Partai Kebangkitan Nusantara,0,0,,false
Sulawesi Selatan,Hanura,Partai Hati Nurani Rakyat,1,20,20.000000,true
Sulawesi Selatan,Garuda,Partai Garda Republik Indonesia,0,0,,false
Sulawesi Selatan,PAN,Partai Amanat Nasional,4,74,18.500000,true
Sulawesi Selatan,PBB,Partai Bulan Bintang,0,3,,false
Sulawesi Selatan,Demokrat,Partai Demokrat,7,69,9.857143,true
Sulawesi Selatan,PSI,Partai Solidaritas Indonesia,0,2,,false
Sulawesi Selatan,Perindo,Partai Perindo,0,10,,false
Sulawesi Selatan,PPP,Partai Persatuan Pembangunan,8,69,8.625000,true
Sulawesi Selatan,PNA,PNA,0,0,,false
Sulawesi Selatan,Gabthat,Gabthat,0,0,,false
Sulawesi Selatan,PDA,PDA,0,0,,false
Sulawesi Selatan,PA,PA,0,0,,false
Sulawesi Selatan,PASA,PASA,0,0,,false
Sulawesi Selatan,SIRA,SIRA,0,0,,false
Sulawesi Selatan,Ummat,Partai Ummat,0,1,,false
Sulawesi Barat,PKB,Partai Kebangkitan Bangsa,3,14,4.666667,true
Sulawesi Barat,Gerindra,Partai Gerakan Indonesia Raya,5,16,3.200000,true
Sulawesi Barat,PDIP,Partai Demokrasi Indonesia Perjuangan,5,19,3.800000,true
Sulawesi Barat,Golkar,Partai Golongan Karya,10,27,2.700000,true
Sulawesi Barat,NasDem,Partai NasDem,5,23,4.600000,true
Sulawesi Barat,Buruh,Partai Buruh,0,0,,false
Sulawesi Barat,Gelora,Partai Gelombang Rakyat Indonesia,0,2,,false
Sulawesi Barat,PKS,Partai Keadilan Sejahtera,1,8,8.000000,true
Sulawesi Barat,PKN,Partai Kebangkitan Nusantara,0,1,,false
Sulawesi Barat,Hanura,Partai Hati Nurani Rakyat,2,7,3.500000,true
Sulawesi Barat,Garuda,Partai Garda Republik Indonesia,0,0,,false
Sulawesi Barat,PAN,Partai Amanat Nasional,5,15,3.000000,true
Sulawesi Barat,PBB,Partai Bulan Bintang,0,1,,false
Sulawesi Barat,Demokrat,Partai Demokrat,8,24,3.000000,true
Sulawesi Barat,PSI,Partai Solidaritas Indonesia,0,1,,false
Sulawesi Barat,Perindo,Partai Perindo,0,3,,false
Sulawesi Barat,PPP,Partai Persatuan Pembangunan,1,9,9.000000,true
Sulawesi Barat,PNA,PNA,0,0,,false
Sulawesi Barat,Gabthat,Gabthat,0,0,,false
Sulawesi Barat,PDA,PDA,0,0,,false
Sulawesi Barat,PA,PA,0,0,,false
Sulawesi Barat,PASA,PASA,0,0,,false
Sulawesi Barat,SIRA,SIRA,0,0,,false
Sulawesi Barat,Ummat,Partai Ummat,0,0,,false
Sulawesi Tenggara,PKB,Partai Kebangkitan Bangsa,3,36,12.000000,true
Sulawesi Tenggara,Gerindra,Partai Gerakan Indonesia Raya,5,48,9.600000,true
Sulawesi Tenggara,PDIP,Partai Demokrasi Indonesia Perjuangan,6,74,12.333333,true
Sulawesi Tenggara,Golkar,Partai Golongan Karya,6,58,9.666667,true
Sulawesi Tenggara,NasDem,Partai NasDem,6,59,9.833333,true
Sulawesi Tenggara,Buruh,Partai Buruh,0,0,,false
Sulawesi Tenggara,Gelora,Partai Gelombang Rakyat Indonesia,0,0,,false
Sulawesi Tenggara,PKS,Partai Keadilan Sejahtera,4,33,8.250000,true
Sulawesi Tenggara,PKN,Partai Kebangkitan Nusantara,0,5,,false
Sulawesi Tenggara,Hanura,Partai Hati Nurani Rakyat,1,16,16.000000,true
Sulawesi Tenggara,Garuda,Partai Garda Republik Indonesia,0,0,,false
Sulawesi Tenggara,PAN,Partai Amanat Nasional,3,36,12.000000,true
Sulawesi Tenggara,PBB,Partai Bulan Bintang,4,20,5.000000,true
Sulawesi Tenggara,Demokrat,Partai Demokrat,4,37,9.250000,true
Sulawesi Tenggara,PSI,Partai Solidaritas Indonesia,0,1,,false
Sulawesi Tenggara,Perindo,Partai Perindo,0,5,,false
Sulawesi Tenggara,PPP,Partai Persatuan Pembangunan,3,12,4.000000,true
Sulawesi Tenggara,PNA,PNA,0,0,,false
Sulawesi Tenggara,Gabthat,Gabthat,0,0,,false
Sulawesi Tenggara,PDA,PDA,0,0,,false
Sulawesi Tenggara,PA,PA,0,0,,false
Sulawesi Tenggara,PASA,PASA,0,0,,false
Sulawesi Tenggara,SIRA,SIRA,0,0,,false
Sulawesi Tenggara,Ummat,Partai Ummat,0,0,,false
Maluku,PKB,Partai Kebangkitan Bangsa,4,31,7.750000,true
Maluku,Gerindra,Partai Gerakan Indonesia Raya,5,26,5.200000,true
Maluku,PDIP,Partai Demokrasi Indonesia Perjuangan,8,38,4.750000,true
Maluku,Golkar,Partai Golongan Karya,4,27,6.750000,true
Maluku,NasDem,Partai NasDem,6,35,5.833333,true
Maluku,Buruh,Partai Buruh,0,1,,false
Maluku,Gelora,Partai Gelombang Rakyat Indonesia,0,1,,false
Maluku,PKS,Partai Keadilan Sejahtera,4,25,6.250000,true
Maluku,PKN,Partai Kebangkitan Nusantara,0,4,,false
Maluku,Hanura,Partai Hati Nurani Rakyat,3,16,5.333333,true
Maluku,Garuda,Partai Garda Republik Indonesia,0,0,,false
Maluku,PAN,Partai Amanat Nasional,3,20,6.666667,true
Maluku,PBB,Partai Bulan Bintang,0,2,,false
Maluku,Demokrat,Partai Demokrat,4,22,5.500000,true
Maluku,PSI,Partai Solidaritas Indonesia,0,8,,false
Maluku,Perindo,Partai Perindo,2,18,9.000000,true
Maluku,PPP,Partai Persatuan Pembangunan,2,16,8.000000,true
Maluku,PNA,PNA,0,0,,false
Maluku,Gabthat,Gabthat,0,0,,false
Maluku,PDA,PDA,0,0,,false
Maluku,PA,PA,0,0,,false
Maluku,PASA,PASA,0,0,,false
Maluku,SIRA,SIRA,0,0,,false
Maluku,Ummat,Partai Ummat,0,0,,false
Maluku Utara,PKB,Partai Kebangkitan Bangsa,4,26,6.500000,true
Maluku Utara,Gerindra,Partai Gerakan Indonesia Raya,4,25,6.250000,true
Maluku Utara,PDIP,Partai Demokrasi Indonesia Perjuangan,5,37,7.400000,true
Maluku Utara,Golkar,Partai Golongan Karya,8,34,4.250000,true
Maluku Utara,NasDem,Partai NasDem,5,24,4.800000,true
Maluku Utara,Buruh,Partai Buruh,0,0,,false
Maluku Utara,Gelora,Partai Gelombang Rakyat Indonesia,0,4,,false
Maluku Utara,PKS,Partai Keadilan Sejahtera,5,14,2.800000,true
Maluku Utara,PKN,Partai Kebangkitan Nusantara,0,1,,false
Maluku Utara,Hanura,Partai Hati Nurani Rakyat,5,12,2.400000,true
Maluku Utara,Garuda,Partai Garda Republik Indonesia,1,3,3.000000,true
Maluku Utara,PAN,Partai Amanat Nasional,3,15,5.000000,true
Maluku Utara,PBB,Partai Bulan Bintang,1,5,5.000000,true
Maluku Utara,Demokrat,Partai Demokrat,3,25,8.333333,true
Maluku Utara,PSI,Partai Solidaritas Indonesia,0,6,,false
Maluku Utara,Perindo,Partai Perindo,1,10,10.000000,true
Maluku Utara,PPP,Partai Persatuan Pembangunan,0,4,,false
Maluku Utara,PNA,PNA,0,0,,false
Maluku Utara,Gabthat,Gabthat,0,0,,false
Maluku Utara,PDA,PDA,0,0,,false
Maluku Utara,PA,PA,0,0,,false
Maluku Utara,PASA,PASA,0,0,,false
Maluku Utara,SIRA,SIRA,0,0,,false
Maluku Utara,Ummat,Partai Ummat,0,0,,false
Papua,PKB,Partai Kebangkitan Bangsa,3,17,5.666667,true
Papua,Gerindra,Partai Gerakan Indonesia Raya,3,15,5.000000,true
Papua,PDIP,Partai Demokrasi Indonesia Perjuangan,7,24,3.428571,true
Papua,Golkar,Partai Golongan Karya,10,33,3.300000,true
Papua,NasDem,Partai NasDem,7,24,3.428571,true
Papua,Buruh,Partai Buruh,0,1,,false
Papua,Gelora,Partai Gelombang Rakyat Indonesia,0,6,,false
Papua,PKS,Partai Keadilan Sejahtera,3,11,3.666667,true
Papua,PKN,Partai Kebangkitan Nusantara,0,5,,false
Papua,Hanura,Partai Hati Nurani Rakyat,0,11,,false
Papua,Garuda,Partai Garda Republik Indonesia,0,1,,false
Papua,PAN,Partai Amanat Nasional,3,12,4.000000,true
Papua,PBB,Partai Bulan Bintang,0,6,,false
Papua,Demokrat,Partai Demokrat,3,14,4.666667,true
Papua,PSI,Partai Solidaritas Indonesia,2,8,4.000000,true
Papua,Perindo,Partai Perindo,3,13,4.333333,true
Papua,PPP,Partai Persatuan Pembangunan,1,11,11.000000,true
Papua,PNA,PNA,0,0,,false
Papua,Gabthat,Gabthat,0,0,,false
Papua,PDA,PDA,0,0,,false
Papua,PA,PA,0,0,,false
Papua,PASA,PASA,0,0,,false
Papua,SIRA,SIRA,0,0,,false
Papua,Ummat,Partai Ummat,0,3,,false
Papua Barat,PKB,Partai Kebangkitan Bangsa,3,9,3.000000,true
Papua Barat,Gerindra,Partai Gerakan Indonesia Raya,3,20,6.666667,true
Papua Barat,PDIP,Partai Demokrasi Indonesia Perjuangan,7,21,3.000000,true
Papua Barat,Golkar,Partai Golongan Karya,7,18,2.571429,true
Papua Barat,NasDem,Partai NasDem,5,17,3.400000,true
Papua Barat,Buruh,Partai Buruh,0,1,,false
Papua Barat,Gelora,Partai Gelombang Rakyat Indonesia,0,0,,false
Papua Barat,PKS,Partai Keadilan Sejahtera,1,9,9.000000,true
Papua Barat,PKN,Partai Kebangkitan Nusantara,0,0,,false
Papua Barat,Hanura,Partai Hati Nurani Rakyat,0,5,,false
Papua Barat,Garuda,Partai Garda Republik Indonesia,0,2,,false
Papua Barat,PAN,Partai Amanat Nasional,3,12,4.000000,true
Papua Barat,PBB,Partai Bulan Bintang,0,3,,false
Papua Barat,Demokrat,Partai Demokrat,3,5,1.666667,true
Papua Barat,PSI,Partai Solidaritas Indonesia,0,5,,false
Papua Barat,Perindo,Partai Perindo,2,13,6.500000,true
Papua Barat,PPP,Partai Persatuan Pembangunan,1,9,9.000000,true
Papua Barat,PNA,PNA,0,0,,false
Papua Barat,Gabthat,Gabthat,0,0,,false
Papua Barat,PDA,PDA,0,0,,false
Papua Barat,PA,PA,0,0,,false
Papua Barat,PASA,PASA,0,0,,false
Papua Barat,SIRA,SIRA,0,0,,false
Papua Barat,Ummat,Partai Ummat,0,1,,false
Papua Selatan,PKB,Partai Kebangkitan Bangsa,3,10,3.333333,true
Papua Selatan,Gerindra,Partai Gerakan Indonesia Raya,5,11,2.200000,true
Papua Selatan,PDIP,Partai Demokrasi Indonesia Perjuangan,7,20,2.857143,true
Papua Selatan,Golkar,Partai Golongan Karya,4,12,3.000000,true
Papua Selatan,NasDem,Partai NasDem,6,14,2.333333,true
Papua Selatan,Buruh,Partai Buruh,0,0,,false
Papua Selatan,Gelora,Partai Gelombang Rakyat Indonesia,0,1,,false
Papua Selatan,PKS,Partai Keadilan Sejahtera,3,8,2.666667,true
Papua Selatan,PKN,Partai Kebangkitan Nusantara,0,0,,false
Papua Selatan,Hanura,Partai Hati Nurani Rakyat,0,1,,false
Papua Selatan,Garuda,Partai Garda Republik Indonesia,0,1,,false
Papua Selatan,PAN,Partai Amanat Nasional,1,5,5.000000,true
Papua Selatan,PBB,Partai Bulan Bintang,0,2,,false
Papua Selatan,Demokrat,Partai Demokrat,1,6,6.000000,true
Papua Selatan,PSI,Partai Solidaritas Indonesia,1,2,2.000000,true
Papua Selatan,Perindo,Partai Perindo,2,2,1.000000,true
Papua Selatan,PPP,Partai Persatuan Pembangunan,2,5,2.500000,true
Papua Selatan,PNA,PNA,0,0,,false
Papua Selatan,Gabthat,Gabthat,0,0,,false
Papua Selatan,PDA,PDA,0,0,,false
Papua Selatan,PA,PA,0,0,,false
Papua Selatan,PASA,PASA,0,0,,false
Papua Selatan,SIRA,SIRA,0,0,,false
Papua Selatan,Ummat,Partai Ummat,0,0,,false
Papua Tengah,PKB,Partai Kebangkitan Bangsa,3,12,4.000000,true
Papua Tengah,Gerindra,Partai Gerakan Indonesia Raya,4,19,4.750000,true
Papua Tengah,PDIP,Partai Demokrasi Indonesia Perjuangan,11,27,2.454545,true
Papua Tengah,Golkar,Partai Golongan Karya,3,20,6.666667,true
Papua Tengah,NasDem,Partai NasDem,5,16,3.200000,true
Papua Tengah,Buruh,Partai Buruh,0,1,,false
Papua Tengah,Gelora,Partai Gelombang Rakyat Indonesia,0,3,,false
Papua Tengah,PKS,Partai Keadilan Sejahtera,2,9,4.500000,true
Papua Tengah,PKN,Partai Kebangkitan Nusantara,1,9,9.000000,true
Papua Tengah,Hanura,Partai Hati Nurani Rakyat,3,14,4.666667,true
Papua Tengah,Garuda,Partai Garda Republik Indonesia,1,7,7.000000,true
Papua Tengah,PAN,Partai Amanat Nasional,3,12,4.000000,true
Papua Tengah,PBB,Partai Bulan Bintang,2,11,5.500000,true
Papua Tengah,Demokrat,Partai Demokrat,2,11,5.500000,true
Papua Tengah,PSI,Partai Solidaritas Indonesia,2,9,4.500000,true
Papua Tengah,Perindo,Partai Perindo,2,16,8.000000,true
Papua Tengah,PPP,Partai Persatuan Pembangunan,1,10,10.000000,true
Papua Tengah,PNA,PNA,0,0,,false
Papua Tengah,Gabthat,Gabthat,0,0,,false
Papua Tengah,PDA,PDA,0,0,,false
Papua Tengah,PA,PA,0,0,,false
Papua Tengah,PASA,PASA,0,0,,false
Papua Tengah,SIRA,SIRA,0,0,,false
Papua Tengah,Ummat,Partai Ummat,0,4,,false
Papua Pegunungan,PKB,Partai Kebangkitan Bangsa,1,13,13.000000,true
Papua Pegunungan,Gerindra,Partai Gerakan Indonesia Raya,3,16,5.333333,true
Papua Pegunungan,PDIP,Partai Demokrasi Indonesia Perjuangan,4,28,7.000000,true
Papua Pegunungan,Golkar,Partai Golongan Karya,3,13,4.333333,true
Papua Pegunungan,NasDem,Partai NasDem,11,29,2.636364,true
Papua Pegunungan,Buruh,Partai Buruh,0,3,,false
Papua Pegunungan,Gelora,Partai Gelombang Rakyat Indonesia,1,3,3.000000,true
Papua Pegunungan,PKS,Partai Keadilan Sejahtera,5,21,4.200000,true
Papua Pegunungan,PKN,Partai Kebangkitan Nusantara,2,13,6.500000,true
Papua Pegunungan,Hanura,Partai Hati Nurani Rakyat,0,6,,false
Papua Pegunungan,Garuda,Partai Garda Republik Indonesia,1,12,12.000000,true
Papua Pegunungan,PAN,Partai Amanat Nasional,2,8,4.000000,true
Papua Pegunungan,PBB,Partai Bulan Bintang,1,9,9.000000,true
Papua Pegunungan,Demokrat,Partai Demokrat,5,21,4.200000,true
Papua Pegunungan,PSI,Partai Solidaritas Indonesia,2,6,3.000000,true
Papua Pegunungan,Perindo,Partai Perindo,4,15,3.750000,true
Papua Pegunungan,PPP,Partai Persatuan Pembangunan,0,2,,false
Papua Pegunungan,PNA,PNA,0,0,,false
Papua Pegunungan,Gabthat,Gabthat,0,0,,false
Papua Pegunungan,PDA,PDA,0,0,,false
Papua Pegunungan,PA,PA,0,0,,false
Papua Pegunungan,PASA,PASA,0,0,,false
Papua Pegunungan,SIRA,SIRA,0,0,,false
Papua Pegunungan,Ummat,Partai Ummat,0,2,,false
Papua Barat Daya,PKB,Partai Kebangkitan Bangsa,1,11,11.000000,true
Papua Barat Daya,Gerindra,Partai Gerakan Indonesia Raya,3,11,3.666667,true
Papua Barat Daya,PDIP,Partai Demokrasi Indonesia Perjuangan,5,16,3.200000,true
Papua Barat Daya,Golkar,Partai Golongan Karya,8,23,2.875000,true
Papua Barat Daya,NasDem,Partai NasDem,4,18,4.500000,true
Papua Barat Daya,Buruh,Partai Buruh,0,1,,false
Papua Barat Daya,Gelora,Partai Gelombang Rakyat Indonesia,0,1,,false
Papua Barat Daya,PKS,Partai Keadilan Sejahtera,1,15,15.000000,true
Papua Barat Daya,PKN,Partai Kebangkitan Nusantara,0,0,,false
Papua Barat Daya,Hanura,Partai Hati Nurani Rakyat,3,8,2.666667,true
Papua Barat Daya,Garuda,Partai Garda Republik Indonesia,0,3,,false
Papua Barat Daya,PAN,Partai Amanat Nasional,1,6,6.000000,true
Papua Barat Daya,PBB,Partai Bulan Bintang,0,1,,false
Papua Barat Daya,Demokrat,Partai Demokrat,5,16,3.200000,true
Papua Barat Daya,PSI,Partai Solidaritas Indonesia,1,1,1.000000,true
Papua Barat Daya,Perindo,Partai Perindo,3,3,1.000000,true
Papua Barat Daya,PPP,Partai Persatuan Pembangunan,0,1,,false
Papua Barat Daya,PNA,PNA,0,0,,false
Papua Barat Daya,Gabthat,Gabthat,0,0,,false
Papua Barat Daya,PDA,PDA,0,0,,false
Papua Barat Daya,PA,PA,0,0,,false
Papua Barat Daya,PASA,PASA,0,0,,false
Papua Barat Daya,SIRA,SIRA,0,0,,false
Papua Barat Daya,Ummat,Partai Ummat,0,0,,false
