province,province_raw,party_code,party_name,kabkot_seats
Aceh,Aceh,PKB,Partai Kebangkitan Bangsa,53
Aceh,Aceh,Gerindra,Partai Gerakan Indonesia Raya,59
Aceh,Aceh,PDIP,Partai Demokrasi Indonesia Perjuangan,8
Aceh,Aceh,Golkar,Partai Golongan Karya,89
Aceh,Aceh,NasDem,Partai NasDem,69
Aceh,Aceh,Buruh,Partai Buruh,0
Aceh,Aceh,Gelora,Partai Gelombang Rakyat Indonesia,3
Aceh,Aceh,PKS,Partai Keadilan Sejahtera,48
Aceh,Aceh,PKN,Partai Kebangkitan Nusantara,0
Aceh,Aceh,Hanura,Partai Hati Nurani Rakyat,21
Aceh,Aceh,Garuda,Partai Garda Republik Indonesia,1
Aceh,Aceh,PAN,Partai Amanat Nasional,57
Aceh,Aceh,PBB,Partai Bulan Bintang,7
Aceh,Aceh,Demokrat,Partai Demokrat,59
Aceh,Aceh,PSI,Partai Solidaritas Indonesia,0
Aceh,Aceh,Perindo,Partai Perindo,0
Aceh,Aceh,PPP,Partai Persatuan Pembangunan,27
Aceh,Aceh,PNA,PNA,21
Aceh,Aceh,Gabthat,Gabthat,0
Aceh,Aceh,PDA,PDA,7
Aceh,Aceh,PA,PA,116
Aceh,Aceh,PASA,PASA,16
Aceh,Aceh,SIRA,SIRA,3
Aceh,Aceh,Ummat,Partai Ummat,1
Sumatera Utara,North Sumatra,PKB,Partai Kebangkitan Bangsa,58
Sumatera Utara,North Sumatra,Gerindra,Partai Gerakan Indonesia Raya,133
Sumatera Utara,North Sumatra,PDIP,Partai Demokrasi Indonesia Perjuangan,182
Sumatera Utara,North Sumatra,Golkar,Partai Golongan Karya,207
Sumatera Utara,North Sumatra,NasDem,Partai NasDem,140
Sumatera Utara,North Sumatra,Buruh,Partai Buruh,0
Sumatera Utara,North Sumatra,Gelora,Partai Gelombang Rakyat Indonesia,5
Sumatera Utara,North Sumatra,PKS,Partai Keadilan Sejahtera,56
Sumatera Utara,North Sumatra,PKN,Partai Kebangkitan Nusantara,4
Sumatera Utara,North Sumatra,Hanura,Partai Hati Nurani Rakyat,65
Sumatera Utara,North Sumatra,Garuda,Partai Garda Republik Indonesia,1
Sumatera Utara,North Sumatra,PAN,Partai Amanat Nasional,84
Sumatera Utara,North Sumatra,PBB,Partai Bulan Bintang,14
Sumatera Utara,North Sumatra,Demokrat,Partai Demokrat,94
Sumatera Utara,North Sumatra,PSI,Partai Solidaritas Indonesia,10
Sumatera Utara,North Sumatra,Perindo,Partai Perindo,43
Sumatera Utara,North Sumatra,PPP,Partai Persatuan Pembangunan,29
Sumatera Utara,North Sumatra,PNA,PNA,0
Sumatera Utara,North Sumatra,Gabthat,Gabthat,0
Sumatera Utara,North Sumatra,PDA,PDA,0
Sumatera Utara,North Sumatra,PA,PA,0
Sumatera Utara,North Sumatra,PASA,PASA,0
Sumatera Utara,North Sumatra,SIRA,SIRA,0
Sumatera Utara,North Sumatra,Ummat,Partai Ummat,0
Sumatera Barat,West Sumatra,PKB,Partai Kebangkitan Bangsa,48
Sumatera Barat,West Sumatra,Gerindra,Partai Gerakan Indonesia Raya,67
Sumatera Barat,West Sumatra,PDIP,Partai Demokrasi Indonesia Perjuangan,26
Sumatera Barat,West Sumatra,Golkar,Partai Golongan Karya,82
Sumatera Barat,West Sumatra,NasDem,Partai NasDem,77
Sumatera Barat,West Sumatra,Buruh,Partai Buruh,0
Sumatera Barat,West Sumatra,Gelora,Partai Gelombang Rakyat Indonesia,0
Sumatera Barat,West Sumatra,PKS,Partai Keadilan Sejahtera,73
Sumatera Barat,West Sumatra,PKN,Partai Kebangkitan Nusantara,0
Sumatera Barat,West Sumatra,Hanura,Partai Hati Nurani Rakyat,12
Sumatera Barat,West Sumatra,Garuda,Partai Garda Republik Indonesia,0
Sumatera Barat,West Sumatra,PAN,Partai Amanat Nasional,72
Sumatera Barat,West Sumatra,PBB,Partai Bulan Bintang,9
Sumatera Barat,West Sumatra,Demokrat,Partai Demokrat,68
Sumatera Barat,West Sumatra,PSI,Partai Solidaritas Indonesia,1
Sumatera Barat,West Sumatra,Perindo,Partai Perindo,4
Sumatera Barat,West Sumatra,PPP,Partai Persatuan Pembangunan,47
Sumatera Barat,West Sumatra,PNA,PNA,0
Sumatera Barat,West Sumatra,Gabthat,Gabthat,0
Sumatera Barat,West Sumatra,PDA,PDA,0
Sumatera Barat,West Sumatra,PA,PA,0
Sumatera Barat,West Sumatra,PASA,PASA,0
Sumatera Barat,West Sumatra,SIRA,SIRA,0
Sumatera Barat,West Sumatra,Ummat,Partai Ummat,4
Riau,Riau,PKB,Partai Kebangkitan Bangsa,47
Riau,Riau,Gerindra,Partai Gerakan Indonesia Raya,62
Riau,Riau,PDIP,Partai Demokrasi Indonesia Perjuangan,75
Riau,Riau,Golkar,Partai Golongan Karya,69
Riau,Riau,NasDem,Partai NasDem,55
Riau,Riau,Buruh,Partai Buruh,0
Riau,Riau,Gelora,Partai Gelombang Rakyat Indonesia,0
Riau,Riau,PKS,Partai Keadilan Sejahtera,46
Riau,Riau,PKN,Partai Kebangkitan Nusantara,0
Riau,Riau,Hanura,Partai Hati Nurani Rakyat,8
Riau,Riau,Garuda,Partai Garda Republik Indonesia,0
Riau,Riau,PAN,Partai Amanat Nasional,45
Riau,Riau,PBB,Partai Bulan Bintang,2
Riau,Riau,Demokrat,Partai Demokrat,54
Riau,Riau,PSI,Partai Solidaritas Indonesia,4
Riau,Riau,Perindo,Partai Perindo,9
Riau,Riau,PPP,Partai Persatuan Pembangunan,18
Riau,Riau,PNA,PNA,0
Riau,Riau,Gabthat,Gabthat,0
Riau,Riau,PDA,PDA,0
Riau,Riau,PA,PA,0
Riau,Riau,PASA,PASA,0
Riau,Riau,SIRA,SIRA,0
Riau,Riau,Ummat,Partai Ummat,1
Kepulauan Riau,Riau Islands,PKB,Partai Kebangkitan Bangsa,12
Kepulauan Riau,Riau Islands,Gerindra,Partai Gerakan Indonesia Raya,23
Kepulauan Riau,Riau Islands,PDIP,Partai Demokrasi Indonesia Perjuangan,26
Kepulauan Riau,Riau Islands,Golkar,Partai Golongan Karya,32
Kepulauan Riau,Riau Islands,NasDem,Partai NasDem,36
Kepulauan Riau,Riau Islands,Buruh,Partai Buruh,0
Kepulauan Riau,Riau Islands,Gelora,Partai Gelombang Rakyat Indonesia,0
Kepulauan Riau,Riau Islands,PKS,Partai Keadilan Sejahtera,18
Kepulauan Riau,Riau Islands,PKN,Partai Kebangkitan Nusantara,1
Kepulauan Riau,Riau Islands,Hanura,Partai Hati Nurani Rakyat,9
Kepulauan Riau,Riau Islands,Garuda,Partai Garda Republik Indonesia,0
Kepulauan Riau,Riau Islands,PAN,Partai Amanat Nasional,11
Kepulauan Riau,Riau Islands,PBB,Partai Bulan Bintang,2
Kepulauan Riau,Riau Islands,Demokrat,Partai Demokrat,19
Kepulauan Riau,Riau Islands,PSI,Partai Solidaritas Indonesia,1
Kepulauan Riau,Riau Islands,Perindo,Partai Perindo,3
Kepulauan Riau,Riau Islands,PPP,Partai Persatuan Pembangunan,7
Kepulauan Riau,Riau Islands,PNA,PNA,0
Kepulauan Riau,Riau Islands,Gabthat,Gabthat,0
Kepulauan Riau,Riau Islands,PDA,PDA,0
Kepulauan Riau,Riau Islands,PA,PA,0
Kepulauan Riau,Riau Islands,PASA,PASA,0
Kepulauan Riau,Riau Islands,SIRA,SIRA,0
Kepulauan Riau,Riau Islands,Ummat,Partai Ummat,0
Jambi,Jambi,PKB,Partai Kebangkitan Bangsa,34
Jambi,Jambi,Gerindra,Partai Gerakan Indonesia Raya,41
Jambi,Jambi,PDIP,Partai Demokrasi Indonesia Perjuangan,40
Jambi,Jambi,Golkar,Partai Golongan Karya,52
Jambi,Jambi,NasDem,Partai NasDem,44
Jambi,Jambi,Buruh,Partai Buruh,0
Jambi,Jambi,Gelora,Partai Gelombang Rakyat Indonesia,0
Jambi,Jambi,PKS,Partai Keadilan Sejahtera,27
Jambi,Jambi,PKN,Partai Kebangkitan Nusantara,3
Jambi,Jambi,Hanura,Partai Hati Nurani Rakyat,4
Jambi,Jambi,Garuda,Partai Garda Republik Indonesia,0
Jambi,Jambi,PAN,Partai Amanat Nasional,57
Jambi,Jambi,PBB,Partai Bulan Bintang,1
Jambi,Jambi,Demokrat,Partai Demokrat,32
Jambi,Jambi,PSI,Partai Solidaritas Indonesia,0
Jambi,Jambi,Perindo,Partai Perindo,8
Jambi,Jambi,PPP,Partai Persatuan Pembangunan,32
Jambi,Jambi,PNA,PNA,0
Jambi,Jambi,Gabthat,Gabthat,0
Jambi,Jambi,PDA,PDA,0
Jambi,Jambi,PA,PA,0
Jambi,Jambi,PASA,PASA,0
Jambi,Jambi,SIRA,SIRA,0
Jambi,Jambi,Ummat,Partai Ummat,0
Sumatera Selatan,South Sumatra,PKB,Partai Kebangkitan Bangsa,62
Sumatera Selatan,South Sumatra,Gerindra,Partai Gerakan Indonesia Raya,92
Sumatera Selatan,South Sumatra,PDIP,Partai Demokrasi Indonesia Perjuangan,83
Sumatera Selatan,South Sumatra,Golkar,Partai Golongan Karya,85
Sumatera Selatan,South Sumatra,NasDem,Partai NasDem,69
Sumatera Selatan,South Sumatra,Buruh,Partai Buruh,0
Sumatera Selatan,South Sumatra,Gelora,Partai Gelombang Rakyat Indonesia,0
Sumatera Selatan,South Sumatra,PKS,Partai Keadilan Sejahtera,46
Sumatera Selatan,South Sumatra,PKN,Partai Kebangkitan Nusantara,5
Sumatera Selatan,South Sumatra,Hanura,Partai Hati Nurani Rakyat,25
Sumatera Selatan,South Sumatra,Garuda,Partai Garda Republik Indonesia,1
Sumatera Selatan,South Sumatra,PAN,Partai Amanat Nasional,71
Sumatera Selatan,South Sumatra,PBB,Partai Bulan Bintang,8
Sumatera Selatan,South Sumatra,Demokrat,Partai Demokrat,67
Sumatera Selatan,South Sumatra,PSI,Partai Solidaritas Indonesia,0
Sumatera Selatan,South Sumatra,Perindo,Partai Perindo,7
Sumatera Selatan,South Sumatra,PPP,Partai Persatuan Pembangunan,24
Sumatera Selatan,South Sumatra,PNA,PNA,0
Sumatera Selatan,South Sumatra,Gabthat,Gabthat,0
Sumatera Selatan,South Sumatra,PDA,PDA,0
Sumatera Selatan,South Sumatra,PA,PA,0
Sumatera Selatan,South Sumatra,PASA,PASA,0
Sumatera Selatan,South Sumatra,SIRA,SIRA,0
Sumatera Selatan,South Sumatra,Ummat,Partai Ummat,0
Kepulauan Bangka Belitung,Bangka Belitung,PKB,Partai Kebangkitan Bangsa,15
Kepulauan Bangka Belitung,Bangka Belitung,Gerindra,Partai Gerakan Indonesia Raya,27
Kepulauan Bangka Belitung,Bangka Belitung,PDIP,Partai Demokrasi Indonesia Perjuangan,41
Kepulauan Bangka Belitung,Bangka Belitung,Golkar,Partai Golongan Karya,26
Kepulauan Bangka Belitung,Bangka Belitung,NasDem,Partai NasDem,24
Kepulauan Bangka Belitung,Bangka Belitung,Buruh,Partai Buruh,0
Kepulauan Bangka Belitung,Bangka Belitung,Gelora,Partai Gelombang Rakyat Indonesia,0
Kepulauan Bangka Belitung,Bangka Belitung,PKS,Partai Keadilan Sejahtera,16
Kepulauan Bangka Belitung,Bangka Belitung,PKN,Partai Kebangkitan Nusantara,0
Kepulauan Bangka Belitung,Bangka Belitung,Hanura,Partai Hati Nurani Rakyat,6
Kepulauan Bangka Belitung,Bangka Belitung,Garuda,Partai Garda Republik Indonesia,0
Kepulauan Bangka Belitung,Bangka Belitung,PAN,Partai Amanat Nasional,7
Kepulauan Bangka Belitung,Bangka Belitung,PBB,Partai Bulan Bintang,8
Kepulauan Bangka Belitung,Bangka Belitung,Demokrat,Partai Demokrat,18
Kepulauan Bangka Belitung,Bangka Belitung,PSI,Partai Solidaritas Indonesia,2
Kepulauan Bangka Belitung,Bangka Belitung,Perindo,Partai Perindo,4
Kepulauan Bangka Belitung,Bangka Belitung,PPP,Partai Persatuan Pembangunan,11
Kepulauan Bangka Belitung,Bangka Belitung,PNA,PNA,0
Kepulauan Bangka Belitung,Bangka Belitung,Gabthat,Gabthat,0
Kepulauan Bangka Belitung,Bangka Belitung,PDA,PDA,0
Kepulauan Bangka Belitung,Bangka Belitung,PA,PA,0
Kepulauan Bangka Belitung,Bangka Belitung,PASA,PASA,0
Kepulauan Bangka Belitung,Bangka Belitung,SIRA,SIRA,0
Kepulauan Bangka Belitung,Bangka Belitung,Ummat,Partai Ummat,0
Bengkulu,Bengkulu,PKB,Partai Kebangkitan Bangsa,19
Bengkulu,Bengkulu,Gerindra,Partai Gerakan Indonesia Raya,32
Bengkulu,Bengkulu,PDIP,Partai Demokrasi Indonesia Perjuangan,29
Bengkulu,Bengkulu,Golkar,Partai Golongan Karya,39
Bengkulu,Bengkulu,NasDem,Partai NasDem,33
Bengkulu,Bengkulu,Buruh,Partai Buruh,0
Bengkulu,Bengkulu,Gelora,Partai Gelombang Rakyat Indonesia,2
Bengkulu,Bengkulu,PKS,Partai Keadilan Sejahtera,17
Bengkulu,Bengkulu,PKN,Partai Kebangkitan Nusantara,0
Bengkulu,Bengkulu,Hanura,Partai Hati Nurani Rakyat,11
Bengkulu,Bengkulu,Garuda,Partai Garda Republik Indonesia,0
Bengkulu,Bengkulu,PAN,Partai Amanat Nasional,35
Bengkulu,Bengkulu,PBB,Partai Bulan Bintang,4
Bengkulu,Bengkulu,Demokrat,Partai Demokrat,17
Bengkulu,Bengkulu,PSI,Partai Solidaritas Indonesia,0
Bengkulu,Bengkulu,Perindo,Partai Perindo,21
Bengkulu,Bengkulu,PPP,Partai Persatuan Pembangunan,16
Bengkulu,Bengkulu,PNA,PNA,0
Bengkulu,Bengkulu,Gabthat,Gabthat,0
Bengkulu,Bengkulu,PDA,PDA,0
Bengkulu,Bengkulu,PA,PA,0
Bengkulu,Bengkulu,PASA,PASA,0
Bengkulu,Bengkulu,SIRA,SIRA,0
Bengkulu,Bengkulu,Ummat,Partai Ummat,0
Lampung,Lampung,PKB,Partai Kebangkitan Bangsa,78
Lampung,Lampung,Gerindra,Partai Gerakan Indonesia Raya,91
Lampung,Lampung,PDIP,Partai Demokrasi Indonesia Perjuangan,98
Lampung,Lampung,Golkar,Partai Golongan Karya,83
Lampung,Lampung,NasDem,Partai NasDem,71
Lampung,Lampung,Buruh,Partai Buruh,1
Lampung,Lampung,Gelora,Partai Gelombang Rakyat Indonesia,0
Lampung,Lampung,PKS,Partai Keadilan Sejahtera,47
Lampung,Lampung,PKN,Partai Kebangkitan Nusantara,0
Lampung,Lampung,Hanura,Partai Hati Nurani Rakyat,2
Lampung,Lampung,Garuda,Partai Garda Republik Indonesia,0
Lampung,Lampung,PAN,Partai Amanat Nasional,52
Lampung,Lampung,PBB,Partai Bulan Bintang,0
Lampung,Lampung,Demokrat,Partai Demokrat,61
Lampung,Lampung,PSI,Partai Solidaritas Indonesia,0
Lampung,Lampung,Perindo,Partai Perindo,3
Lampung,Lampung,PPP,Partai Persatuan Pembangunan,13
Lampung,Lampung,PNA,PNA,0
Lampung,Lampung,Gabthat,Gabthat,0
Lampung,Lampung,PDA,PDA,0
Lampung,Lampung,PA,PA,0
Lampung,Lampung,PASA,PASA,0
Lampung,Lampung,SIRA,SIRA,0
Lampung,Lampung,Ummat,Partai Ummat,0
Jawa Barat,West Java,PKB,Partai Kebangkitan Bangsa,162
Jawa Barat,West Java,Gerindra,Partai Gerakan Indonesia Raya,187
Jawa Barat,West Java,PDIP,Partai Demokrasi Indonesia Perjuangan,200
Jawa Barat,West Java,Golkar,Partai Golongan Karya,207
Jawa Barat,West Java,NasDem,Partai NasDem,88
Jawa Barat,West Java,Buruh,Partai Buruh,2
Jawa Barat,West Java,Gelora,Partai Gelombang Rakyat Indonesia,0
Jawa Barat,West Java,PKS,Partai Keadilan Sejahtera,180
Jawa Barat,West Java,PKN,Partai Kebangkitan Nusantara,0
Jawa Barat,West Java,Hanura,Partai Hati Nurani Rakyat,6
Jawa Barat,West Java,Garuda,Partai Garda Republik Indonesia,0
Jawa Barat,West Java,PAN,Partai Amanat Nasional,82
Jawa Barat,West Java,PBB,Partai Bulan Bintang,3
Jawa Barat,West Java,Demokrat,Partai Demokrat,97
Jawa Barat,West Java,PSI,Partai Solidaritas Indonesia,8
Jawa Barat,West Java,Perindo,Partai Perindo,1
Jawa Barat,West Java,PPP,Partai Persatuan Pembangunan,72
Jawa Barat,West Java,PNA,PNA,0
Jawa Barat,West Java,Gabthat,Gabthat,0
Jawa Barat,West Java,PDA,PDA,0
Jawa Barat,West Java,PA,PA,0
Jawa Barat,West Java,PASA,PASA,0
Jawa Barat,West Java,SIRA,SIRA,0
Jawa Barat,West Java,Ummat,Partai Ummat,0
Jawa Tengah,Central Java,PKB,Partai Kebangkitan Bangsa,265
Jawa Tengah,Central Java,Gerindra,Partai Gerakan Indonesia Raya,193
Jawa Tengah,Central Java,PDIP,Partai Demokrasi Indonesia Perjuangan,444
Jawa Tengah,Central Java,Golkar,Partai Golongan Karya,194
Jawa Tengah,Central Java,NasDem,Partai NasDem,75
Jawa Tengah,Central Java,Buruh,Partai Buruh,0
Jawa Tengah,Central Java,Gelora,Partai Gelombang Rakyat Indonesia,1
Jawa Tengah,Central Java,PKS,Partai Keadilan Sejahtera,138
Jawa Tengah,Central Java,PKN,Partai Kebangkitan Nusantara,0
Jawa Tengah,Central Java,Hanura,Partai Hati Nurani Rakyat,22
Jawa Tengah,Central Java,Garuda,Partai Garda Republik Indonesia,0
Jawa Tengah,Central Java,PAN,Partai Amanat Nasional,68
Jawa Tengah,Central Java,PBB,Partai Bulan Bintang,0
Jawa Tengah,Central Java,Demokrat,Partai Demokrat,89
Jawa Tengah,Central Java,PSI,Partai Solidaritas Indonesia,10
Jawa Tengah,Central Java,Perindo,Partai Perindo,3
Jawa Tengah,Central Java,PPP,Partai Persatuan Pembangunan,108
Jawa Tengah,Central Java,PNA,PNA,0
Jawa Tengah,Central Java,Gabthat,Gabthat,0
Jawa Tengah,Central Java,PDA,PDA,0
Jawa Tengah,Central Java,PA,PA,0
Jawa Tengah,Central Java,PASA,PASA,0
Jawa Tengah,Central Java,SIRA,SIRA,0
Jawa Tengah,Central Java,Ummat,Partai Ummat,0
Daerah Istimewa Yogyakarta,Yogyakarta,PKB,Partai Kebangkitan Bangsa,27
Daerah Istimewa Yogyakarta,Yogyakarta,Gerindra,Partai Gerakan Indonesia Raya,28
Daerah Istimewa Yogyakarta,Yogyakarta,PDIP,Partai Demokrasi Indonesia Perjuangan,57
Daerah Istimewa Yogyakarta,Yogyakarta,Golkar,Partai Golongan Karya,28
Daerah Istimewa Yogyakarta,Yogyakarta,NasDem,Partai NasDem,16
Daerah Istimewa Yogyakarta,Yogyakarta,Buruh,Partai Buruh,0
Daerah Istimewa Yogyakarta,Yogyakarta,Gelora,Partai Gelombang Rakyat Indonesia,0
Daerah Istimewa Yogyakarta,Yogyakarta,PKS,Partai Keadilan Sejahtera,27
Daerah Istimewa Yogyakarta,Yogyakarta,PKN,Partai Kebangkitan Nusantara,0
Daerah Istimewa Yogyakarta,Yogyakarta,Hanura,Partai Hati Nurani Rakyat,0
Daerah Istimewa Yogyakarta,Yogyakarta,Garuda,Partai Garda Republik Indonesia,0
Daerah Istimewa Yogyakarta,Yogyakarta,PAN,Partai Amanat Nasional,20
Daerah Istimewa Yogyakarta,Yogyakarta,PBB,Partai Bulan Bintang,0
Daerah Istimewa Yogyakarta,Yogyakarta,Demokrat,Partai Demokrat,5
Daerah Istimewa Yogyakarta,Yogyakarta,PSI,Partai Solidaritas Indonesia,0
Daerah Istimewa Yogyakarta,Yogyakarta,Perindo,Partai Perindo,0
Daerah Istimewa Yogyakarta,Yogyakarta,PPP,Partai Persatuan Pembangunan,11
Daerah Istimewa Yogyakarta,Yogyakarta,PNA,PNA,0
Daerah Istimewa Yogyakarta,Yogyakarta,Gabthat,Gabthat,0
Daerah Istimewa Yogyakarta,Yogyakarta,PDA,PDA,0
Daerah Istimewa Yogyakarta,Yogyakarta,PA,PA,0
Daerah Istimewa Yogyakarta,Yogyakarta,PASA,PASA,0
Daerah Istimewa Yogyakarta,Yogyakarta,SIRA,SIRA,0
Daerah Istimewa Yogyakarta,Yogyakarta,Ummat,Partai Ummat,1
Jawa Timur,East Java,PKB,Partai Kebangkitan Bangsa,337
Jawa Timur,East Java,Gerindra,Partai Gerakan Indonesia Raya,218
Jawa Timur,East Java,PDIP,Partai Demokrasi Indonesia Perjuangan,307
Jawa Timur,East Java,Golkar,Partai Golongan Karya,215
Jawa Timur,East Java,NasDem,Partai NasDem,134
Jawa Timur,East Java,Buruh,Partai Buruh,0
Jawa Timur,East Java,Gelora,Partai Gelombang Rakyat Indonesia,5
Jawa Timur,East Java,PKS,Partai Keadilan Sejahtera,103
Jawa Timur,East Java,PKN,Partai Kebangkitan Nusantara,0
Jawa Timur,East Java,Hanura,Partai Hati Nurani Rakyat,27
Jawa Timur,East Java,Garuda,Partai Garda Republik Indonesia,0
Jawa Timur,East Java,PAN,Partai Amanat Nasional,74
Jawa Timur,East Java,PBB,Partai Bulan Bintang,11
Jawa Timur,East Java,Demokrat,Partai Demokrat,144
Jawa Timur,East Java,PSI,Partai Solidaritas Indonesia,11
Jawa Timur,East Java,Perindo,Partai Perindo,7
Jawa Timur,East Java,PPP,Partai Persatuan Pembangunan,101
Jawa Timur,East Java,PNA,PNA,0
Jawa Timur,East Java,Gabthat,Gabthat,0
Jawa Timur,East Java,PDA,PDA,0
Jawa Timur,East Java,PA,PA,0
Jawa Timur,East Java,PASA,PASA,0
Jawa Timur,East Java,SIRA,SIRA,0
Jawa Timur,East Java,Ummat,Partai Ummat,1
Banten,Banten,PKB,Partai Kebangkitan Bangsa,39
Banten,Banten,Gerindra,Partai Gerakan Indonesia Raya,50
Banten,Banten,PDIP,Partai Demokrasi Indonesia Perjuangan,46
Banten,Banten,Golkar,Partai Golongan Karya,67
Banten,Banten,NasDem,Partai NasDem,40
Banten,Banten,Buruh,Partai Buruh,0
Banten,Banten,Gelora,Partai Gelombang Rakyat Indonesia,1
Banten,Banten,PKS,Partai Keadilan Sejahtera,48
Banten,Banten,PKN,Partai Kebangkitan Nusantara,0
Banten,Banten,Hanura,Partai Hati Nurani Rakyat,0
Banten,Banten,Garuda,Partai Garda Republik Indonesia,0
Banten,Banten,PAN,Partai Amanat Nasional,23
Banten,Banten,PBB,Partai Bulan Bintang,0
Banten,Banten,Demokrat,Partai Demokrat,39
Banten,Banten,PSI,Partai Solidaritas Indonesia,8
Banten,Banten,Perindo,Partai Perindo,1
Banten,Banten,PPP,Partai Persatuan Pembangunan,28
Banten,Banten,PNA,PNA,0
Banten,Banten,Gabthat,Gabthat,0
Banten,Banten,PDA,PDA,0
Banten,Banten,PA,PA,0
Banten,Banten,PASA,PASA,0
Banten,Banten,SIRA,SIRA,0
Banten,Banten,Ummat,Partai Ummat,0
Bali,Bali,PKB,Partai Kebangkitan Bangsa,3
Bali,Bali,Gerindra,Partai Gerakan Indonesia Raya,47
Bali,Bali,PDIP,Partai Demokrasi Indonesia Perjuangan,191
Bali,Bali,Golkar,Partai Golongan Karya,60
Bali,Bali,NasDem,Partai NasDem,17
Bali,Bali,Buruh,Partai Buruh,0
Bali,Bali,Gelora,Partai Gelombang Rakyat Indonesia,1
Bali,Bali,PKS,Partai Keadilan Sejahtera,0
Bali,Bali,PKN,Partai Kebangkitan Nusantara,0
Bali,Bali,Hanura,Partai Hati Nurani Rakyat,6
Bali,Bali,Garuda,Partai Garda Republik Indonesia,0
Bali,Bali,PAN,Partai Amanat Nasional,0
Bali,Bali,PBB,Partai Bulan Bintang,0
Bali,Bali,Demokrat,Partai Demokrat,26
Bali,Bali,PSI,Partai Solidaritas Indonesia,4
Bali,Bali,Perindo,Partai Perindo,3
Bali,Bali,PPP,Partai Persatuan Pembangunan,2
Bali,Bali,PNA,PNA,0
Bali,Bali,Gabthat,Gabthat,0
Bali,Bali,PDA,PDA,0
Bali,Bali,PA,PA,0
Bali,Bali,PASA,PASA,0
Bali,Bali,SIRA,SIRA,0
Bali,Bali,Ummat,Partai Ummat,0
Nusa Tenggara Barat,West Nusa Tenggara,PKB,Partai Kebangkitan Bangsa,33
Nusa Tenggara Barat,West Nusa Tenggara,Gerindra,Partai Gerakan Indonesia Raya,46
Nusa Tenggara Barat,West Nusa Tenggara,PDIP,Partai Demokrasi Indonesia Perjuangan,27
Nusa Tenggara Barat,West Nusa Tenggara,Golkar,Partai Golongan Karya,52
Nusa Tenggara Barat,West Nusa Tenggara,NasDem,Partai NasDem,43
Nusa Tenggara Barat,West Nusa Tenggara,Buruh,Partai Buruh,0
Nusa Tenggara Barat,West Nusa Tenggara,Gelora,Partai Gelombang Rakyat Indonesia,9
Nusa Tenggara Barat,West Nusa Tenggara,PKS,Partai Keadilan Sejahtera,41
Nusa Tenggara Barat,West Nusa Tenggara,PKN,Partai Kebangkitan Nusantara,0
Nusa Tenggara Barat,West Nusa Tenggara,Hanura,Partai Hati Nurani Rakyat,9
Nusa Tenggara Barat,West Nusa Tenggara,Garuda,Partai Garda Republik Indonesia,0
Nusa Tenggara Barat,West Nusa Tenggara,PAN,Partai Amanat Nasional,34
Nusa Tenggara Barat,West Nusa Tenggara,PBB,Partai Bulan Bintang,10
Nusa Tenggara Barat,West Nusa Tenggara,Demokrat,Partai Demokrat,34
Nusa Tenggara Barat,West Nusa Tenggara,PSI,Partai Solidaritas Indonesia,0
Nusa Tenggara Barat,West Nusa Tenggara,Perindo,Partai Perindo,11
Nusa Tenggara Barat,West Nusa Tenggara,PPP,Partai Persatuan Pembangunan,35
Nusa Tenggara Barat,West Nusa Tenggara,PNA,PNA,0
Nusa Tenggara Barat,West Nusa Tenggara,Gabthat,Gabthat,0
Nusa Tenggara Barat,West Nusa Tenggara,PDA,PDA,0
Nusa Tenggara Barat,West Nusa Tenggara,PA,PA,0
Nusa Tenggara Barat,West Nusa Tenggara,PASA,PASA,0
Nusa Tenggara Barat,West Nusa Tenggara,SIRA,SIRA,0
Nusa Tenggara Barat,West Nusa Tenggara,Ummat,Partai Ummat,1
Nusa Tenggara Timur,East Nusa Tenggara,PKB,Partai Kebangkitan Bangsa,76
Nusa Tenggara Timur,East Nusa Tenggara,Gerindra,Partai Gerakan Indonesia Raya,73
Nusa Tenggara Timur,East Nusa Tenggara,PDIP,Partai Demokrasi Indonesia Perjuangan,82
Nusa Tenggara Timur,East Nusa Tenggara,Golkar,Partai Golongan Karya,80
Nusa Tenggara Timur,East Nusa Tenggara,NasDem,Partai NasDem,87
Nusa Tenggara Timur,East Nusa Tenggara,Buruh,Partai Buruh,0
Nusa Tenggara Timur,East Nusa Tenggara,Gelora,Partai Gelombang Rakyat Indonesia,4
Nusa Tenggara Timur,East Nusa Tenggara,PKS,Partai Keadilan Sejahtera,14
Nusa Tenggara Timur,East Nusa Tenggara,PKN,Partai Kebangkitan Nusantara,1
Nusa Tenggara Timur,East Nusa Tenggara,Hanura,Partai Hati Nurani Rakyat,45
Nusa Tenggara Timur,East Nusa Tenggara,Garuda,Partai Garda Republik Indonesia,2
Nusa Tenggara Timur,East Nusa Tenggara,PAN,Partai Amanat Nasional,48
Nusa Tenggara Timur,East Nusa Tenggara,PBB,Partai Bulan Bintang,3
Nusa Tenggara Timur,East Nusa Tenggara,Demokrat,Partai Demokrat,58
Nusa Tenggara Timur,East Nusa Tenggara,PSI,Partai Solidaritas Indonesia,28
Nusa Tenggara Timur,East Nusa Tenggara,Perindo,Partai Perindo,45
Nusa Tenggara Timur,East Nusa Tenggara,PPP,Partai Persatuan Pembangunan,4
Nusa Tenggara Timur,East Nusa Tenggara,PNA,PNA,0
Nusa Tenggara Timur,East Nusa Tenggara,Gabthat,Gabthat,0
Nusa Tenggara Timur,East Nusa Tenggara,PDA,PDA,0
Nusa Tenggara Timur,East Nusa Tenggara,PA,PA,0
Nusa Tenggara Timur,East Nusa Tenggara,PASA,PASA,0
Nusa Tenggara Timur,East Nusa Tenggara,SIRA,SIRA,0
Nusa Tenggara Timur,East Nusa Tenggara,Ummat,Partai Ummat,0
Kalimantan Barat,West Kalimantan,PKB,Partai Kebangkitan Bangsa,39
Kalimantan Barat,West Kalimantan,Gerindra,Partai Gerakan Indonesia Raya,67
Kalimantan Barat,West Kalimantan,PDIP,Partai Demokrasi Indonesia Perjuangan,85
Kalimantan Barat,West Kalimantan,Golkar,Partai Golongan Karya,68
Kalimantan Barat,West Kalimantan,NasDem,Partai NasDem,68
Kalimantan Barat,West Kalimantan,Buruh,Partai Buruh,0
Kalimantan Barat,West Kalimantan,Gelora,Partai Gelombang Rakyat Indonesia,2
Kalimantan Barat,West Kalimantan,PKS,Partai Keadilan Sejahtera,27
Kalimantan Barat,West Kalimantan,PKN,Partai Kebangkitan Nusantara,0
Kalimantan Barat,West Kalimantan,Hanura,Partai Hati Nurani Rakyat,29
Kalimantan Barat,West Kalimantan,Garuda,Partai Garda Republik Indonesia,0
Kalimantan Barat,West Kalimantan,PAN,Partai Amanat Nasional,47
Kalimantan Barat,West Kalimantan,PBB,Partai Bulan Bintang,0
Kalimantan Barat,West Kalimantan,Demokrat,Partai Demokrat,51
Kalimantan Barat,West Kalimantan,PSI,Partai Solidaritas Indonesia,3
Kalimantan Barat,West Kalimantan,Perindo,Partai Perindo,8
Kalimantan Barat,West Kalimantan,PPP,Partai Persatuan Pembangunan,16
Kalimantan Barat,West Kalimantan,PNA,PNA,0
Kalimantan Barat,West Kalimantan,Gabthat,Gabthat,0
Kalimantan Barat,West Kalimantan,PDA,PDA,0
Kalimantan Barat,West Kalimantan,PA,PA,0
Kalimantan Barat,West Kalimantan,PASA,PASA,0
Kalimantan Barat,West Kalimantan,SIRA,SIRA,0
Kalimantan Barat,West Kalimantan,Ummat,Partai Ummat,0
Kalimantan Tengah,Central Kalimantan,PKB,Partai Kebangkitan Bangsa,37
Kalimantan Tengah,Central Kalimantan,Gerindra,Partai Gerakan Indonesia Raya,48
Kalimantan Tengah,Central Kalimantan,PDIP,Partai Demokrasi Indonesia Perjuangan,80
Kalimantan Tengah,Central Kalimantan,Golkar,Partai Golongan Karya,66
Kalimantan Tengah,Central Kalimantan,NasDem,Partai NasDem,36
Kalimantan Tengah,Central Kalimantan,Buruh,Partai Buruh,0
Kalimantan Tengah,Central Kalimantan,Gelora,Partai Gelombang Rakyat Indonesia,0
Kalimantan Tengah,Central Kalimantan,PKS,Partai Keadilan Sejahtera,10
Kalimantan Tengah,Central Kalimantan,PKN,Partai Kebangkitan Nusantara,0
Kalimantan Tengah,Central Kalimantan,Hanura,Partai Hati Nurani Rakyat,10
Kalimantan Tengah,Central Kalimantan,Garuda,Partai Garda Republik Indonesia,0
Kalimantan Tengah,Central Kalimantan,PAN,Partai Amanat Nasional,27
Kalimantan Tengah,Central Kalimantan,PBB,Partai Bulan Bintang,1
Kalimantan Tengah,Central Kalimantan,Demokrat,Partai Demokrat,34
Kalimantan Tengah,Central Kalimantan,PSI,Partai Solidaritas Indonesia,3
Kalimantan Tengah,Central Kalimantan,Perindo,Partai Perindo,16
Kalimantan Tengah,Central Kalimantan,PPP,Partai Persatuan Pembangunan,17
Kalimantan Tengah,Central Kalimantan,PNA,PNA,0
Kalimantan Tengah,Central Kalimantan,Gabthat,Gabthat,0
Kalimantan Tengah,Central Kalimantan,PDA,PDA,0
Kalimantan Tengah,Central Kalimantan,PA,PA,0
Kalimantan Tengah,Central Kalimantan,PASA,PASA,0
Kalimantan Tengah,Central Kalimantan,SIRA,SIRA,0
Kalimantan Tengah,Central Kalimantan,Ummat,Partai Ummat,0
Kalimantan Selatan,South Kalimantan,PKB,Partai Kebangkitan Bangsa,44
Kalimantan Selatan,South Kalimantan,Gerindra,Partai Gerakan Indonesia Raya,58
Kalimantan Selatan,South Kalimantan,PDIP,Partai Demokrasi Indonesia Perjuangan,46
Kalimantan Selatan,South Kalimantan,Golkar,Partai Golongan Karya,80
Kalimantan Selatan,South Kalimantan,NasDem,Partai NasDem,48
Kalimantan Selatan,South Kalimantan,Buruh,Partai Buruh,0
Kalimantan Selatan,South Kalimantan,Gelora,Partai Gelombang Rakyat Indonesia,2
Kalimantan Selatan,South Kalimantan,PKS,Partai Keadilan Sejahtera,41
Kalimantan Selatan,South Kalimantan,PKN,Partai Kebangkitan Nusantara,0
Kalimantan Selatan,South Kalimantan,Hanura,Partai Hati Nurani Rakyat,2
Kalimantan Selatan,South Kalimantan,Garuda,Partai Garda Republik Indonesia,0
Kalimantan Selatan,South Kalimantan,PAN,Partai Amanat Nasional,46
Kalimantan Selatan,South Kalimantan,PBB,Partai Bulan Bintang,3
Kalimantan Selatan,South Kalimantan,Demokrat,Partai Demokrat,28
Kalimantan Selatan,South Kalimantan,PSI,Partai Solidaritas Indonesia,0
Kalimantan Selatan,South Kalimantan,Perindo,Partai Perindo,0
Kalimantan Selatan,South Kalimantan,PPP,Partai Persatuan Pembangunan,32
Kalimantan Selatan,South Kalimantan,PNA,PNA,0
Kalimantan Selatan,South Kalimantan,Gabthat,Gabthat,0
Kalimantan Selatan,South Kalimantan,PDA,PDA,0
Kalimantan Selatan,South Kalimantan,PA,PA,0
Kalimantan Selatan,South Kalimantan,PASA,PASA,0
Kalimantan Selatan,South Kalimantan,SIRA,SIRA,0
Kalimantan Selatan,South Kalimantan,Ummat,Partai Ummat,0
Kalimantan Timur,East Kalimantan,PKB,Partai Kebangkitan Bangsa,32
Kalimantan Timur,East Kalimantan,Gerindra,Partai Gerakan Indonesia Raya,47
Kalimantan Timur,East Kalimantan,PDIP,Partai Demokrasi Indonesia Perjuangan,47
Kalimantan Timur,East Kalimantan,Golkar,Partai Golongan Karya,69
Kalimantan Timur,East Kalimantan,NasDem,Partai NasDem,36
Kalimantan Timur,East Kalimantan,Buruh,Partai Buruh,0
Kalimantan Timur,East Kalimantan,Gelora,Partai Gelombang Rakyat Indonesia,4
Kalimantan Timur,East Kalimantan,PKS,Partai Keadilan Sejahtera,27
Kalimantan Timur,East Kalimantan,PKN,Partai Kebangkitan Nusantara,0
Kalimantan Timur,East Kalimantan,Hanura,Partai Hati Nurani Rakyat,8
Kalimantan Timur,East Kalimantan,Garuda,Partai Garda Republik Indonesia,0
Kalimantan Timur,East Kalimantan,PAN,Partai Amanat Nasional,18
Kalimantan Timur,East Kalimantan,PBB,Partai Bulan Bintang,1
Kalimantan Timur,East Kalimantan,Demokrat,Partai Demokrat,27
Kalimantan Timur,East Kalimantan,PSI,Partai Solidaritas Indonesia,0
Kalimantan Timur,East Kalimantan,Perindo,Partai Perindo,3
Kalimantan Timur,East Kalimantan,PPP,Partai Persatuan Pembangunan,11
Kalimantan Timur,East Kalimantan,PNA,PNA,0
Kalimantan Timur,East Kalimantan,Gabthat,Gabthat,0
Kalimantan Timur,East Kalimantan,PDA,PDA,0
Kalimantan Timur,East Kalimantan,PA,PA,0
Kalimantan Timur,East Kalimantan,PASA,PASA,0
Kalimantan Timur,East Kalimantan,SIRA,SIRA,0
Kalimantan Timur,East Kalimantan,Ummat,Partai Ummat,0
Kalimantan Utara,North Kalimantan,PKB,Partai Kebangkitan Bangsa,9
Kalimantan Utara,North Kalimantan,Gerindra,Partai Gerakan Indonesia Raya,14
Kalimantan Utara,North Kalimantan,PDIP,Partai Demokrasi Indonesia Perjuangan,13
Kalimantan Utara,North Kalimantan,Golkar,Partai Golongan Karya,14
Kalimantan Utara,North Kalimantan,NasDem,Partai NasDem,11
Kalimantan Utara,North Kalimantan,Buruh,Partai Buruh,0
Kalimantan Utara,North Kalimantan,Gelora,Partai Gelombang Rakyat Indonesia,0
Kalimantan Utara,North Kalimantan,PKS,Partai Keadilan Sejahtera,11
Kalimantan Utara,North Kalimantan,PKN,Partai Kebangkitan Nusantara,0
Kalimantan Utara,North Kalimantan,Hanura,Partai Hati Nurani Rakyat,15
Kalimantan Utara,North Kalimantan,Garuda,Partai Garda Republik Indonesia,0
Kalimantan Utara,North Kalimantan,PAN,Partai Amanat Nasional,9
Kalimantan Utara,North Kalimantan,PBB,Partai Bulan Bintang,1
Kalimantan Utara,North Kalimantan,Demokrat,Partai Demokrat,19
Kalimantan Utara,North Kalimantan,PSI,Partai Solidaritas Indonesia,2
Kalimantan Utara,North Kalimantan,Perindo,Partai Perindo,1
Kalimantan Utara,North Kalimantan,PPP,Partai Persatuan Pembangunan,6
Kalimantan Utara,North Kalimantan,PNA,PNA,0
Kalimantan Utara,North Kalimantan,Gabthat,Gabthat,0
Kalimantan Utara,North Kalimantan,PDA,PDA,0
Kalimantan Utara,North Kalimantan,PA,PA,0
Kalimantan Utara,North Kalimantan,PASA,PASA,0
Kalimantan Utara,North Kalimantan,SIRA,SIRA,0
Kalimantan Utara,North Kalimantan,Ummat,Partai Ummat,0
Sulawesi Utara,North Sulawesi,PKB,Partai Kebangkitan Bangsa,17
Sulawesi Utara,North Sulawesi,Gerindra,Partai Gerakan Indonesia Raya,38
Sulawesi Utara,North Sulawesi,PDIP,Partai Demokrasi Indonesia Perjuangan,153
Sulawesi Utara,North Sulawesi,Golkar,Partai Golongan Karya,61
Sulawesi Utara,North Sulawesi,NasDem,Partai NasDem,46
Sulawesi Utara,North Sulawesi,Buruh,Partai Buruh,0
Sulawesi Utara,North Sulawesi,Gelora,Partai Gelombang Rakyat Indonesia,0
Sulawesi Utara,North Sulawesi,PKS,Partai Keadilan Sejahtera,6
Sulawesi Utara,North Sulawesi,PKN,Partai Kebangkitan Nusantara,0
Sulawesi Utara,North Sulawesi,Hanura,Partai Hati Nurani Rakyat,5
Sulawesi Utara,North Sulawesi,Garuda,Partai Garda Republik Indonesia,0
Sulawesi Utara,North Sulawesi,PAN,Partai Amanat Nasional,5
Sulawesi Utara,North Sulawesi,PBB,Partai Bulan Bintang,1
Sulawesi Utara,North Sulawesi,Demokrat,Partai Demokrat,38
Sulawesi Utara,North Sulawesi,PSI,Partai Solidaritas Indonesia,3
Sulawesi Utara,North Sulawesi,Perindo,Partai Perindo,19
Sulawesi Utara,North Sulawesi,PPP,Partai Persatuan Pembangunan,8
Sulawesi Utara,North Sulawesi,PNA,PNA,0
Sulawesi Utara,North Sulawesi,Gabthat,Gabthat,0
Sulawesi Utara,North Sulawesi,PDA,PDA,0
Sulawesi Utara,North Sulawesi,PA,PA,0
Sulawesi Utara,North Sulawesi,PASA,PASA,0
Sulawesi Utara,North Sulawesi,SIRA,SIRA,0
Sulawesi Utara,North Sulawesi,Ummat,Partai Ummat,0
Gorontalo,Gorontalo,PKB,Partai Kebangkitan Bangsa,6
Gorontalo,Gorontalo,Gerindra,Partai Gerakan Indonesia Raya,22
Gorontalo,Gorontalo,PDIP,Partai Demokrasi Indonesia Perjuangan,20
Gorontalo,Gorontalo,Golkar,Partai Golongan Karya,34
Gorontalo,Gorontalo,NasDem,Partai NasDem,30
Gorontalo,Gorontalo,Buruh,Partai Buruh,0
Gorontalo,Gorontalo,Gelora,Partai Gelombang Rakyat Indonesia,2
Gorontalo,Gorontalo,PKS,Partai Keadilan Sejahtera,9
Gorontalo,Gorontalo,PKN,Partai Kebangkitan Nusantara,0
Gorontalo,Gorontalo,Hanura,Partai Hati Nurani Rakyat,6
Gorontalo,Gorontalo,Garuda,Partai Garda Republik Indonesia,0
Gorontalo,Gorontalo,PAN,Partai Amanat Nasional,10
Gorontalo,Gorontalo,PBB,Partai Bulan Bintang,0
Gorontalo,Gorontalo,Demokrat,Partai Demokrat,11
Gorontalo,Gorontalo,PSI,Partai Solidaritas Indonesia,0
Gorontalo,Gorontalo,Perindo,Partai Perindo,1
Gorontalo,Gorontalo,PPP,Partai Persatuan Pembangunan,19
Gorontalo,Gorontalo,PNA,PNA,0
Gorontalo,Gorontalo,Gabthat,Gabthat,0
Gorontalo,Gorontalo,PDA,PDA,0
Gorontalo,Gorontalo,PA,PA,0
Gorontalo,Gorontalo,PASA,PASA,0
Gorontalo,Gorontalo,SIRA,SIRA,0
Gorontalo,Gorontalo,Ummat,Partai Ummat,0
Sulawesi Tengah,Central Sulawesi,PKB,Partai Kebangkitan Bangsa,33
Sulawesi Tengah,Central Sulawesi,Gerindra,Partai Gerakan Indonesia Raya,48
Sulawesi Tengah,Central Sulawesi,PDIP,Partai Demokrasi Indonesia Perjuangan,42
Sulawesi Tengah,Central Sulawesi,Golkar,Partai Golongan Karya,59
Sulawesi Tengah,Central Sulawesi,NasDem,Partai NasDem,55
Sulawesi Tengah,Central Sulawesi,Buruh,Partai Buruh,0
Sulawesi Tengah,Central Sulawesi,Gelora,Partai Gelombang Rakyat Indonesia,0
Sulawesi Tengah,Central Sulawesi,PKS,Partai Keadilan Sejahtera,25
Sulawesi Tengah,Central Sulawesi,PKN,Partai Kebangkitan Nusantara,0
Sulawesi Tengah,Central Sulawesi,Hanura,Partai Hati Nurani Rakyat,17
Sulawesi Tengah,Central Sulawesi,Garuda,Partai Garda Republik Indonesia,0
Sulawesi Tengah,Central Sulawesi,PAN,Partai Amanat Nasional,19
Sulawesi Tengah,Central Sulawesi,PBB,Partai Bulan Bintang,12
Sulawesi Tengah,Central Sulawesi,Demokrat,Partai Demokrat,40
Sulawesi Tengah,Central Sulawesi,PSI,Partai Solidaritas Indonesia,2
Sulawesi Tengah,Central Sulawesi,Perindo,Partai Perindo,20
Sulawesi Tengah,Central Sulawesi,PPP,Partai Persatuan Pembangunan,8
Sulawesi Tengah,Central Sulawesi,PNA,PNA,0
Sulawesi Tengah,Central Sulawesi,Gabthat,Gabthat,0
Sulawesi Tengah,Central Sulawesi,PDA,PDA,0
Sulawesi Tengah,Central Sulawesi,PA,PA,0
Sulawesi Tengah,Central Sulawesi,PASA,PASA,0
Sulawesi Tengah,Central Sulawesi,SIRA,SIRA,0
Sulawesi Tengah,Central Sulawesi,Ummat,Partai Ummat,0
Sulawesi Selatan,South Sulawesi,PKB,Partai Kebangkitan Bangsa,69
Sulawesi Selatan,South Sulawesi,Gerindra,Partai Gerakan Indonesia Raya,102
Sulawesi Selatan,South Sulawesi,PDIP,Partai Demokrasi Indonesia Perjuangan,58
Sulawesi Selatan,South Sulawesi,Golkar,Partai Golongan Karya,138
Sulawesi Selatan,South Sulawesi,NasDem,Partai NasDem,142
Sulawesi Selatan,South Sulawesi,Buruh,Partai Buruh,0
Sulawesi Selatan,South Sulawesi,Gelora,Partai Gelombang Rakyat Indonesia,10
Sulawesi Selatan,South Sulawesi,PKS,Partai Keadilan Sejahtera,58
Sulawesi Selatan,South Sulawesi,PKN,Partai Kebangkitan Nusantara,0
Sulawesi Selatan,South Sulawesi,Hanura,Partai Hati Nurani Rakyat,20
Sulawesi Selatan,South Sulawesi,Garuda,Partai Garda Republik Indonesia,0
Sulawesi Selatan,South Sulawesi,PAN,Partai Amanat Nasional,74
Sulawesi Selatan,South Sulawesi,PBB,Partai Bulan Bintang,3
Sulawesi Selatan,South Sulawesi,Demokrat,Partai Demokrat,69
Sulawesi Selatan,South Sulawesi,PSI,Partai Solidaritas Indonesia,2
Sulawesi Selatan,South Sulawesi,Perindo,Partai Perindo,10
Sulawesi Selatan,South Sulawesi,PPP,Partai Persatuan Pembangunan,69
Sulawesi Selatan,South Sulawesi,PNA,PNA,0
Sulawesi Selatan,South Sulawesi,Gabthat,Gabthat,0
Sulawesi Selatan,South Sulawesi,PDA,PDA,0
Sulawesi Selatan,South Sulawesi,PA,PA,0
Sulawesi Selatan,South Sulawesi,PASA,PASA,0
Sulawesi Selatan,South Sulawesi,SIRA,SIRA,0
Sulawesi Selatan,South Sulawesi,Ummat,Partai Ummat,1
Sulawesi Barat,West Sulawesi,PKB,Partai Kebangkitan Bangsa,14
Sulawesi Barat,West Sulawesi,Gerindra,Partai Gerakan Indonesia Raya,16
Sulawesi Barat,West Sulawesi,PDIP,Partai Demokrasi Indonesia Perjuangan,19
Sulawesi Barat,West Sulawesi,Golkar,Partai Golongan Karya,27
Sulawesi Barat,West Sulawesi,NasDem,Partai NasDem,23
Sulawesi Barat,West Sulawesi,Buruh,Partai Buruh,0
Sulawesi Barat,West Sulawesi,Gelora,Partai Gelombang Rakyat Indonesia,2
Sulawesi Barat,West Sulawesi,PKS,Partai Keadilan Sejahtera,8
Sulawesi Barat,West Sulawesi,PKN,Partai Kebangkitan Nusantara,1
Sulawesi Barat,West Sulawesi,Hanura,Partai Hati Nurani Rakyat,7
Sulawesi Barat,West Sulawesi,Garuda,Partai Garda Republik Indonesia,0
Sulawesi Barat,West Sulawesi,PAN,Partai Amanat Nasional,15
Sulawesi Barat,West Sulawesi,PBB,Partai Bulan Bintang,1
Sulawesi Barat,West Sulawesi,Demokrat,Partai Demokrat,24
Sulawesi Barat,West Sulawesi,PSI,Partai Solidaritas Indonesia,1
Sulawesi Barat,West Sulawesi,Perindo,Partai Perindo,3
Sulawesi Barat,West Sulawesi,PPP,Partai Persatuan Pembangunan,9
Sulawesi Barat,West Sulawesi,PNA,PNA,0
Sulawesi Barat,West Sulawesi,Gabthat,Gabthat,0
Sulawesi Barat,West Sulawesi,PDA,PDA,0
Sulawesi Barat,West Sulawesi,PA,PA,0
Sulawesi Barat,West Sulawesi,PASA,PASA,0
Sulawesi Barat,West Sulawesi,SIRA,SIRA,0
Sulawesi Barat,West Sulawesi,Ummat,Partai Ummat,0
Sulawesi Tenggara,Southeast Sulawesi,PKB,Partai Kebangkitan Bangsa,36
Sulawesi Tenggara,Southeast Sulawesi,Gerindra,Partai Gerakan Indonesia Raya,48
Sulawesi Tenggara,Southeast Sulawesi,PDIP,Partai Demokrasi Indonesia Perjuangan,74
Sulawesi Tenggara,Southeast Sulawesi,Golkar,Partai Golongan Karya,58
Sulawesi Tenggara,Southeast Sulawesi,NasDem,Partai NasDem,59
Sulawesi Tenggara,Southeast Sulawesi,Buruh,Partai Buruh,0
Sulawesi Tenggara,Southeast Sulawesi,Gelora,Partai Gelombang Rakyat Indonesia,0
Sulawesi Tenggara,Southeast Sulawesi,PKS,Partai Keadilan Sejahtera,33
Sulawesi Tenggara,Southeast Sulawesi,PKN,Partai Kebangkitan Nusantara,5
Sulawesi Tenggara,Southeast Sulawesi,Hanura,Partai Hati Nurani Rakyat,16
Sulawesi Tenggara,Southeast Sulawesi,Garuda,Partai Garda Republik Indonesia,0
Sulawesi Tenggara,Southeast Sulawesi,PAN,Partai Amanat Nasional,36
Sulawesi Tenggara,Southeast Sulawesi,PBB,Partai Bulan Bintang,20
Sulawesi Tenggara,Southeast Sulawesi,Demokrat,Partai Demokrat,37
Sulawesi Tenggara,Southeast Sulawesi,PSI,Partai Solidaritas Indonesia,1
Sulawesi Tenggara,Southeast Sulawesi,Perindo,Partai Perindo,5
Sulawesi Tenggara,Southeast Sulawesi,PPP,Partai Persatuan Pembangunan,12
Sulawesi Tenggara,Southeast Sulawesi,PNA,PNA,0
Sulawesi Tenggara,Southeast Sulawesi,Gabthat,Gabthat,0
Sulawesi Tenggara,Southeast Sulawesi,PDA,PDA,0
Sulawesi Tenggara,Southeast Sulawesi,PA,PA,0
Sulawesi Tenggara,Southeast Sulawesi,PASA,PASA,0
Sulawesi Tenggara,Southeast Sulawesi,SIRA,SIRA,0
Sulawesi Tenggara,Southeast Sulawesi,Ummat,Partai Ummat,0
Maluku,Maluku,PKB,Partai Kebangkitan Bangsa,31
Maluku,Maluku,Gerindra,Partai Gerakan Indonesia Raya,26
Maluku,Maluku,PDIP,Partai Demokrasi Indonesia Perjuangan,38
Maluku,Maluku,Golkar,Partai Golongan Karya,27
Maluku,Maluku,NasDem,Partai NasDem,35
Maluku,Maluku,Buruh,Partai Buruh,1
Maluku,Maluku,Gelora,Partai Gelombang Rakyat Indonesia,1
Maluku,Maluku,PKS,Partai Keadilan Sejahtera,25
Maluku,Maluku,PKN,Partai Kebangkitan Nusantara,4
Maluku,Maluku,Hanura,Partai Hati Nurani Rakyat,16
Maluku,Maluku,Garuda,Partai Garda Republik Indonesia,0
Maluku,Maluku,PAN,Partai Amanat Nasional,20
Maluku,Maluku,PBB,Partai Bulan Bintang,2
Maluku,Maluku,Demokrat,Partai Demokrat,22
Maluku,Maluku,PSI,Partai Solidaritas Indonesia,8
Maluku,Maluku,Perindo,Partai Perindo,18
Maluku,Maluku,PPP,Partai Persatuan Pembangunan,16
Maluku,Maluku,PNA,PNA,0
Maluku,Maluku,Gabthat,Gabthat,0
Maluku,Maluku,PDA,PDA,0
Maluku,Maluku,PA,PA,0
Maluku,Maluku,PASA,PASA,0
Maluku,Maluku,SIRA,SIRA,0
Maluku,Maluku,Ummat,Partai Ummat,0
Maluku Utara,North Maluku,PKB,Partai Kebangkitan Bangsa,26
Maluku Utara,North Maluku,Gerindra,Partai Gerakan Indonesia Raya,25
Maluku Utara,North Maluku,PDIP,Partai Demokrasi Indonesia Perjuangan,37
Maluku Utara,North Maluku,Golkar,Partai Golongan Karya,34
Maluku Utara,North Maluku,NasDem,Partai NasDem,24
Maluku Utara,North Maluku,Buruh,Partai Buruh,0
Maluku Utara,North Maluku,Gelora,Partai Gelombang Rakyat Indonesia,4
Maluku Utara,North Maluku,PKS,Partai Keadilan Sejahtera,14
Maluku Utara,North Maluku,PKN,Partai Kebangkitan Nusantara,1
Maluku Utara,North Maluku,Hanura,Partai Hati Nurani Rakyat,12
Maluku Utara,North Maluku,Garuda,Partai Garda Republik Indonesia,3
Maluku Utara,North Maluku,PAN,Partai Amanat Nasional,15
Maluku Utara,North Maluku,PBB,Partai Bulan Bintang,5
Maluku Utara,North Maluku,Demokrat,Partai Demokrat,25
Maluku Utara,North Maluku,PSI,Partai Solidaritas Indonesia,6
Maluku Utara,North Maluku,Perindo,Partai Perindo,10
Maluku Utara,North Maluku,PPP,Partai Persatuan Pembangunan,4
Maluku Utara,North Maluku,PNA,PNA,0
Maluku Utara,North Maluku,Gabthat,Gabthat,0
Maluku Utara,North Maluku,PDA,PDA,0
Maluku Utara,North Maluku,PA,PA,0
Maluku Utara,North Maluku,PASA,PASA,0
Maluku Utara,North Maluku,SIRA,SIRA,0
Maluku Utara,North Maluku,Ummat,Partai Ummat,0
Papua,Papua,PKB,Partai Kebangkitan Bangsa,17
Papua,Papua,Gerindra,Partai Gerakan Indonesia Raya,15
Papua,Papua,PDIP,Partai Demokrasi Indonesia Perjuangan,24
Papua,Papua,Golkar,Partai Golongan Karya,33
Papua,Papua,NasDem,Partai NasDem,24
Papua,Papua,Buruh,Partai Buruh,1
Papua,Papua,Gelora,Partai Gelombang Rakyat Indonesia,6
Papua,Papua,PKS,Partai Keadilan Sejahtera,11
Papua,Papua,PKN,Partai Kebangkitan Nusantara,5
Papua,Papua,Hanura,Partai Hati Nurani Rakyat,11
Papua,Papua,Garuda,Partai Garda Republik Indonesia,1
Papua,Papua,PAN,Partai Amanat Nasional,12
Papua,Papua,PBB,Partai Bulan Bintang,6
Papua,Papua,Demokrat,Partai Demokrat,14
Papua,Papua,PSI,Partai Solidaritas Indonesia,8
Papua,Papua,Perindo,Partai Perindo,13
Papua,Papua,PPP,Partai Persatuan Pembangunan,11
Papua,Papua,PNA,PNA,0
Papua,Papua,Gabthat,Gabthat,0
Papua,Papua,PDA,PDA,0
Papua,Papua,PA,PA,0
Papua,Papua,PASA,PASA,0
Papua,Papua,SIRA,SIRA,0
Papua,Papua,Ummat,Partai Ummat,3
Papua Barat,West Papua,PKB,Partai Kebangkitan Bangsa,9
Papua Barat,West Papua,Gerindra,Partai Gerakan Indonesia Raya,20
Papua Barat,West Papua,PDIP,Partai Demokrasi Indonesia Perjuangan,21
Papua Barat,West Papua,Golkar,Partai Golongan Karya,18
Papua Barat,West Papua,NasDem,Partai NasDem,17
Papua Barat,West Papua,Buruh,Partai Buruh,1
Papua Barat,West Papua,Gelora,Partai Gelombang Rakyat Indonesia,0
Papua Barat,West Papua,PKS,Partai Keadilan Sejahtera,9
Papua Barat,West Papua,PKN,Partai Kebangkitan Nusantara,0
Papua Barat,West Papua,Hanura,Partai Hati Nurani Rakyat,5
Papua Barat,West Papua,Garuda,Partai Garda Republik Indonesia,2
Papua Barat,West Papua,PAN,Partai Amanat Nasional,12
Papua Barat,West Papua,PBB,Partai Bulan Bintang,3
Papua Barat,West Papua,Demokrat,Partai Demokrat,5
Papua Barat,West Papua,PSI,Partai Solidaritas Indonesia,5
Papua Barat,West Papua,Perindo,Partai Perindo,13
Papua Barat,West Papua,PPP,Partai Persatuan Pembangunan,9
Papua Barat,West Papua,PNA,PNA,0
Papua Barat,West Papua,Gabthat,Gabthat,0
Papua Barat,West Papua,PDA,PDA,0
Papua Barat,West Papua,PA,PA,0
Papua Barat,West Papua,PASA,PASA,0
Papua Barat,West Papua,SIRA,SIRA,0
Papua Barat,West Papua,Ummat,Partai Ummat,1
Papua Selatan,South Papua,PKB,Partai Kebangkitan Bangsa,10
Papua Selatan,South Papua,Gerindra,Partai Gerakan Indonesia Raya,11
Papua Selatan,South Papua,PDIP,Partai Demokrasi Indonesia Perjuangan,20
Papua Selatan,South Papua,Golkar,Partai Golongan Karya,12
Papua Selatan,South Papua,NasDem,Partai NasDem,14
Papua Selatan,South Papua,Buruh,Partai Buruh,0
Papua Selatan,South Papua,Gelora,Partai Gelombang Rakyat Indonesia,1
Papua Selatan,South Papua,PKS,Partai Keadilan Sejahtera,8
Papua Selatan,South Papua,PKN,Partai Kebangkitan Nusantara,0
Papua Selatan,South Papua,Hanura,Partai Hati Nurani Rakyat,1
Papua Selatan,South Papua,Garuda,Partai Garda Republik Indonesia,1
Papua Selatan,South Papua,PAN,Partai Amanat Nasional,5
Papua Selatan,South Papua,PBB,Partai Bulan Bintang,2
Papua Selatan,South Papua,Demokrat,Partai Demokrat,6
Papua Selatan,South Papua,PSI,Partai Solidaritas Indonesia,2
Papua Selatan,South Papua,Perindo,Partai Perindo,2
Papua Selatan,South Papua,PPP,Partai Persatuan Pembangunan,5
Papua Selatan,South Papua,PNA,PNA,0
Papua Selatan,South Papua,Gabthat,Gabthat,0
Papua Selatan,South Papua,PDA,PDA,0
Papua Selatan,South Papua,PA,PA,0
Papua Selatan,South Papua,PASA,PASA,0
Papua Selatan,South Papua,SIRA,SIRA,0
Papua Selatan,South Papua,Ummat,Partai Ummat,0
Papua Tengah,Central Papua,PKB,Partai Kebangkitan Bangsa,12
Papua Tengah,Central Papua,Gerindra,Partai Gerakan Indonesia Raya,19
Papua Tengah,Central Papua,PDIP,Partai Demokrasi Indonesia Perjuangan,27
Papua Tengah,Central Papua,Golkar,Partai Golongan Karya,20
Papua Tengah,Central Papua,NasDem,Partai NasDem,16
Papua Tengah,Central Papua,Buruh,Partai Buruh,1
Papua Tengah,Central Papua,Gelora,Partai Gelombang Rakyat Indonesia,3
Papua Tengah,Central Papua,PKS,Partai Keadilan Sejahtera,9
Papua Tengah,Central Papua,PKN,Partai Kebangkitan Nusantara,9
Papua Tengah,Central Papua,Hanura,Partai Hati Nurani Rakyat,14
Papua Tengah,Central Papua,Garuda,Partai Garda Republik Indonesia,7
Papua Tengah,Central Papua,PAN,Partai Amanat Nasional,12
Papua Tengah,Central Papua,PBB,Partai Bulan Bintang,11
Papua Tengah,Central Papua,Demokrat,Partai Demokrat,11
Papua Tengah,Central Papua,PSI,Partai Solidaritas Indonesia,9
Papua Tengah,Central Papua,Perindo,Partai Perindo,16
Papua Tengah,Central Papua,PPP,Partai Persatuan Pembangunan,10
Papua Tengah,Central Papua,PNA,PNA,0
Papua Tengah,Central Papua,Gabthat,Gabthat,0
Papua Tengah,Central Papua,PDA,PDA,0
Papua Tengah,Central Papua,PA,PA,0
Papua Tengah,Central Papua,PASA,PASA,0
Papua Tengah,Central Papua,SIRA,SIRA,0
Papua Tengah,Central Papua,Ummat,Partai Ummat,4
Papua Pegunungan,Highland Papua,PKB,Partai Kebangkitan Bangsa,13
Papua Pegunungan,Highland Papua,Gerindra,Partai Gerakan Indonesia Raya,16
Papua Pegunungan,Highland Papua,PDIP,Partai Demokrasi Indonesia Perjuangan,28
Papua Pegunungan,Highland Papua,Golkar,Partai Golongan Karya,13
Papua Pegunungan,Highland Papua,NasDem,Partai NasDem,29
Papua Pegunungan,Highland Papua,Buruh,Partai Buruh,3
Papua Pegunungan,Highland Papua,Gelora,Partai Gelombang Rakyat Indonesia,3
Papua Pegunungan,Highland Papua,PKS,Partai Keadilan Sejahtera,21
Papua Pegunungan,Highland Papua,PKN,Partai Kebangkitan Nusantara,13
Papua Pegunungan,Highland Papua,Hanura,Partai Hati Nurani Rakyat,6
Papua Pegunungan,Highland Papua,Garuda,Partai Garda Republik Indonesia,12
Papua Pegunungan,Highland Papua,PAN,Partai Amanat Nasional,8
Papua Pegunungan,Highland Papua,PBB,Partai Bulan Bintang,9
Papua Pegunungan,Highland Papua,Demokrat,Partai Demokrat,21
Papua Pegunungan,Highland Papua,PSI,Partai Solidaritas Indonesia,6
Papua Pegunungan,Highland Papua,Perindo,Partai Perindo,15
Papua Pegunungan,Highland Papua,PPP,Partai Persatuan Pembangunan,2
Papua Pegunungan,Highland Papua,PNA,PNA,0
Papua Pegunungan,Highland Papua,Gabthat,Gabthat,0
Papua Pegunungan,Highland Papua,PDA,PDA,0
Papua Pegunungan,Highland Papua,PA,PA,0
Papua Pegunungan,Highland Papua,PASA,PASA,0
Papua Pegunungan,Highland Papua,SIRA,SIRA,0
Papua Pegunungan,Highland Papua,Ummat,Partai Ummat,2
Papua Barat Daya,Southwest Papua,PKB,Partai Kebangkitan Bangsa,11
Papua Barat Daya,Southwest Papua,Gerindra,Partai Gerakan Indonesia Raya,11
Papua Barat Daya,Southwest Papua,PDIP,Partai Demokrasi Indonesia Perjuangan,16
Papua Barat Daya,Southwest Papua,Golkar,Partai Golongan Karya,23
Papua Barat Daya,Southwest Papua,NasDem,Partai NasDem,18
Papua Barat Daya,Southwest Papua,Buruh,Partai Buruh,1
Papua Barat Daya,Southwest Papua,Gelora,Partai Gelombang Rakyat Indonesia,1
Papua Barat Daya,Southwest Papua,PKS,Partai Keadilan Sejahtera,15
Papua Barat Daya,Southwest Papua,PKN,Partai Kebangkitan Nusantara,0
Papua Barat Daya,Southwest Papua,Hanura,Partai Hati Nurani Rakyat,8
Papua Barat Daya,Southwest Papua,Garuda,Partai Garda Republik Indonesia,3
Papua Barat Daya,Southwest Papua,PAN,Partai Amanat Nasional,6
Papua Barat Daya,Southwest Papua,PBB,Partai Bulan Bintang,1
Papua Barat Daya,Southwest Papua,Demokrat,Partai Demokrat,16
Papua Barat Daya,Southwest Papua,PSI,Partai Solidaritas Indonesia,1
Papua Barat Daya,Southwest Papua,Perindo,Partai Perindo,3
Papua Barat Daya,Southwest Papua,PPP,Partai Persatuan Pembangunan,1
Papua Barat Daya,Southwest Papua,PNA,PNA,0
Papua Barat Daya,Southwest Papua,Gabthat,Gabthat,0
Papua Barat Daya,Southwest Papua,PDA,PDA,0
Papua Barat Daya,Southwest Papua,PA,PA,0
Papua Barat Daya,Southwest Papua,PASA,PASA,0
Papua Barat Daya,Southwest Papua,SIRA,SIRA,0
Papua Barat Daya,Southwest Papua,Ummat,Partai Ummat,0
